id;data_inversa;dia_semana;horario;uf;br;km;municipio;causa_acidente;ai_guess;groundtruth;tipo_acidente;classificacao_acidente;fase_dia;sentido_via;condicao_metereologica;tipo_pista;tracado_via;uso_solo;pessoas;mortos;feridos_leves;feridos_graves;ilesos;ignorados;feridos;veiculos;latitude;longitude;regional;delegacia;uop
391785.0;24/10/2021;domingo;23:30:00;AL;101;46,1;FLEXEIRAS;Acostamento em desnível;Not Human Causes;Not Human Causes;Tombamento;Com Vítimas Feridas;Plena Noite;Decrescente;Céu Claro;Dupla;Reta;Não;1;0;1;0;0;0;1;1;-9,20881594;-35,78213197;SPRF-AL;DEL01-AL;UOP02-DEL01-AL
482580.0;23/10/2022;domingo;17:50:00;PE;232;245,5;ARCOVERDE;Acostamento em desnível;Not Human Causes;Not Human Causes;Tombamento;Com Vítimas Fatais;Plena Noite;Decrescente;Céu Claro;Simples;Reta;Não;3;1;0;1;0;1;1;2;-8,41869672;-37,00744604;SPRF-PE;DEL04-PE;UOP02-DEL04-PE
366992.0;28/06/2021;segunda-feira;11:10:00;SE;235;45,5;ITABAIANA;Acostamento em desnível;Not Human Causes;Not Human Causes;Tombamento;Com Vítimas Feridas;Pleno dia;Crescente;Céu Claro;Simples;"Reta;Declive";Não;2;0;2;0;0;0;2;1;-10,746924;-37,399899;SPRF-SE;DEL01-SE;UOP02-DEL01-SE
499956.0;18/01/2023;quarta-feira;20:15:00;CE;304;49,8;ARACATI;Afundamento ou ondulação no pavimento;Not Human Causes;Not Human Causes;Saída de leito carroçável;Com Vítimas Feridas;Plena Noite;Decrescente;Chuva;Dupla;Reta;Sim;3;0;1;0;2;0;1;1;-4,57352926;-37,76245988;SPRF-CE;DEL03-CE;UOP03-DEL03-CE
470295.0;25/08/2022;quinta-feira;19:00:00;MG;381;400;BOM JESUS DO AMPARO;Afundamento ou ondulação no pavimento;Not Human Causes;Not Human Causes;Queda de ocupante de veículo;Com Vítimas Feridas;Plena Noite;Decrescente;Céu Claro;Dupla;Reta;Não;1;0;1;0;0;0;1;1;-19,74021885;-43,51724307;SPRF-MG;DEL01-MG;UOP01-DEL01-MG
346529.0;16/03/2021;terça-feira;11:05:00;MS;158;103,4;PARANAIBA;Afundamento ou ondulação no pavimento;Not Human Causes;Not Human Causes;Tombamento;Com Vítimas Feridas;Pleno dia;Decrescente;Nublado;Simples;Reta;Não;1;0;1;0;0;0;1;1;-19,72704906;-51,13418411;SPRF-MS;DEL08-MS;UOP01-DEL08-MS
688194.0;30/04/2025;quarta-feira;09:00:00;ES;101;280,8;SERRA;Afundamento ou ondulação no pavimento;Not Human Causes;Not Human Causes;Tombamento;Com Vítimas Feridas;Pleno dia;Decrescente;Nublado;Dupla;"Reta;Aclive";Não;1;0;0;1;0;0;1;1;-20,22162017;-40,35751462;SPRF-ES;DEL02-ES;UOP01-DEL02-ES
599587.0;10/05/2024;sexta-feira;19:40:00;SP;381;88,7;GUARULHOS;Área urbana sem a presença de local apropriado para a travessia de pedestres;Other;Not Human Causes;Atropelamento de Pedestre;Com Vítimas Fatais;Plena Noite;Crescente;Céu Claro;Múltipla;Reta;Sim;2;1;0;0;0;1;0;2;-2.347.469.314;-4.656.112.919;SPRF-SP;DEL03-SP;UOP01-DEL03-SP
562615.0;20/11/2023;segunda-feira;11:00:00;BA;235;385;CASA NOVA;Ausência de sinalização;Not Human Causes;Not Human Causes;Colisão frontal;Com Vítimas Fatais;Pleno dia;Crescente;Céu Claro;Simples;Reta;Não;13;1;10;1;0;1;11;4;-9,15742773;-40,94752397;SPRF-BA;DEL04-BA;UOP01-DEL04-BA
499656.0;16/01/2023;segunda-feira;23:25:00;MG;262;542,3;LUZ;Ausência de sinalização;Not Human Causes;Not Human Causes;Colisão com objeto;Com Vítimas Feridas;Plena Noite;Decrescente;Vento;Simples;"Reta;Declive";Não;3;0;0;1;1;3;1;5;-19,75250409;-45,81968114;SPRF-MG;DEL08-MG;UOP02-DEL08-MG
545040.0;27/08/2023;domingo;17:25:00;ES;101;148;LINHARES;Condutor desrespeitou a iluminação vermelha do semáforo;Other Human Causes;Other Human Causes;Colisão transversal;Com Vítimas Feridas;Anoitecer;Decrescente;Chuva;Múltipla;"Interseção de Vias;Reta";Sim;4;0;1;0;3;0;1;2;-19,38787399;-40,06752766;SPRF-ES;DEL04-ES;UOP01-DEL04-ES
416167.0;20/02/2022;domingo;20:15:00;MA;10;255,5;IMPERATRIZ;Condutor desrespeitou a iluminação vermelha do semáforo;Other Human Causes;Other Human Causes;Colisão transversal;Com Vítimas Feridas;Plena Noite;Crescente;Céu Claro;Simples;Reta;Sim;3;0;1;0;2;0;1;2;-5,508798;-47,471718;SPRF-MA;DEL04-MA;UOP01-DEL04-MA
462082.0;16/07/2022;sábado;14:30:00;PR;369;154;LONDRINA;Condutor desrespeitou a iluminação vermelha do semáforo;Other Human Causes;Other Human Causes;Colisão transversal;Com Vítimas Feridas;Pleno dia;Decrescente;Céu Claro;Dupla;"Reta;Interseção de Vias";Sim;2;0;1;0;1;0;1;2;-23,2957267;-51,20848775;SPRF-PR;DEL07-PR;UOP01-DEL07-PR
491994.0;10/12/2022;sábado;16:15:00;ES;101;149;LINHARES;Condutor desrespeitou a iluminação vermelha do semáforo;Other Human Causes;Other Human Causes;Colisão transversal;Com Vítimas Feridas;Pleno dia;Crescente;Sol;Dupla;Interseção de Vias;Sim;3;0;1;1;1;0;2;2;-19,39619083;-40,06435871;SPRF-ES;DEL04-ES;UOP01-DEL04-ES
503042.0;04/02/2023;sábado;12:00:00;BA;116;824,8;VITORIA DA CONQUISTA;Condutor desrespeitou a iluminação vermelha do semáforo;Other Human Causes;Other Human Causes;Colisão transversal;Com Vítimas Feridas;Pleno dia;Crescente;Céu Claro;Dupla;"Reta;Interseção de Vias;Aclive";Sim;3;0;1;1;1;0;2;2;-14,8123436;-40,7971192;SPRF-BA;DEL08-BA;UOP01-DEL08-BA
341651.0;19/02/2021;sexta-feira;13:45:00;BA;101;717;EUNAPOLIS;Condutor desrespeitou a iluminação vermelha do semáforo;Other Human Causes;Other Human Causes;Colisão transversal;Com Vítimas Feridas;Pleno dia;Decrescente;Nublado;Simples;Rotatória;Sim;2;0;1;0;1;0;1;2;-16,36461542;-39,58107948;SPRF-BA;DEL09-BA;UOP01-DEL09-BA
333765.0;11/01/2021;segunda-feira;08:10:00;PR;369;152,7;LONDRINA;Condutor desrespeitou a iluminação vermelha do semáforo;Other Human Causes;Other Human Causes;Colisão transversal;Com Vítimas Feridas;Pleno dia;Crescente;Céu Claro;Dupla;Interseção de Vias;Sim;2;0;1;1;0;0;2;2;-23,29358104;-51,18728757;SPRF-PR;DEL07-PR;UOP01-DEL07-PR
380363.0;30/08/2021;segunda-feira;19:50:00;PE;104;65;CARUARU;Condutor desrespeitou a iluminação vermelha do semáforo;Other Human Causes;Other Human Causes;Colisão transversal;Com Vítimas Feridas;Plena Noite;Crescente;Céu Claro;Múltipla;Interseção de Vias;Sim;2;0;2;0;0;0;2;2;-8,276128;-35,981988;SPRF-PE;DEL02-PE;UOP01-DEL02-PE
687764.0;27/04/2025;domingo;22:40:00;PR;376;176;MARINGA;Condutor desrespeitou a iluminação vermelha do semáforo;Other Human Causes;Other Human Causes;Colisão transversal;Com Vítimas Feridas;Plena Noite;Decrescente;Chuva;Dupla;"Curva;Interseção de Vias";Sim;3;0;1;0;2;0;1;2;-23,41128172;-51,93644587;SPRF-PR;DEL09-PR;UOP01-DEL09-PR
618439.0;02/08/2024;sexta-feira;07:15:00;RJ;101;82;CAMPOS DOS GOYTACAZES;Declive acentuado;Not Human Causes;Other;Tombamento;Sem Vítimas;Pleno dia;Crescente;Céu Claro;Simples;"Declive;Curva";Sim;3;0;0;0;3;0;0;1;-2.182.752.108;-4.145.414.032;SPRF-RJ;DEL08-RJ;UOP02-DEL08-RJ
655505.0;16/01/2025;quinta-feira;16:45:00;MG;381;905;CAMBUI;Declive acentuado;Not Human Causes;Other;Saída de leito carroçável;Sem Vítimas;Pleno dia;Crescente;Nublado;Simples;"Interseção de Vias;Declive";Não;3;0;0;0;3;0;0;1;-22,6630614;-46,09083295;SPRF-MG;DEL16-MG;UOP03-DEL16-MG
372005.0;21/07/2021;quarta-feira;15:50:00;PR;369;135;IBIPORA;Demais falhas na via;Not Human Causes;Not Human Causes;Colisão com objeto;Sem Vítimas;Pleno dia;Decrescente;Céu Claro;Simples;Reta;Sim;3;0;0;0;1;2;0;3;-23,26507807;-51,03623092;SPRF-PR;DEL07-PR;UOP01-DEL07-PR
653265.0;05/01/2025;domingo;05:18:00;MG;40;523;CONTAGEM;Demais falhas na via;Not Human Causes;Not Human Causes;Tombamento;Com Vítimas Feridas;Amanhecer;Crescente;Nublado;Dupla;Curva;Não;1;0;1;0;0;0;1;1;-19,86874894;-44,05962197;SPRF-MG;DEL01-MG;UOP02-DEL01-MG
574528.0;13/01/2024;sábado;18:55:00;MS;376;165;NOVA ANDRADINA;Demais falhas na via;Not Human Causes;Not Human Causes;Tombamento;Com Vítimas Feridas;Plena Noite;Crescente;Céu Claro;Simples;Reta;Não;1;0;1;0;0;0;1;1;-2.232.155.714;-5.343.996.496;SPRF-MS;DEL04-MS;UOP04-DEL04-MS
422744.0;26/03/2022;sábado;01:10:00;CE;116;483,1;MILAGRES;Demais falhas na via;Not Human Causes;Not Human Causes;Tombamento;Com Vítimas Feridas;Plena Noite;Decrescente;Céu Claro;Simples;Reta;Não;1;0;0;1;0;0;1;1;-7,30815187;-38,92830004;SPRF-CE;DEL05-CE;UOP03-DEL05-CE
412250.0;01/02/2022;terça-feira;01:00:00;PR;116;90;PIRAQUARA;Demais falhas na via;Not Human Causes;Not Human Causes;Colisão com objeto;Com Vítimas Feridas;Plena Noite;Crescente;Chuva;Dupla;Reta;Não;2;0;1;0;1;0;1;1;-25,49937592;-49,11952972;SPRF-PR;DEL01-PR;UOP01-DEL01-PR
524017.0;19/05/2023;sexta-feira;15:25:00;SP;101;43;UBATUBA;Demais falhas na via;Not Human Causes;Not Human Causes;Colisão com objeto;Com Vítimas Feridas;Pleno dia;Decrescente;Céu Claro;Simples;Rotatória;Sim;2;0;1;0;1;0;1;1;-23,41217537;-45,05739148;SPRF-SP;DEL06-SP;UOP01-DEL06-SP
538980.0;29/07/2023;sábado;16:30:00;ES;262;138;BREJETUBA;Demais falhas na via;Other;Not Human Causes;Capotamento;Com Vítimas Feridas;Pleno dia;Crescente;Nublado;Simples;Reta;Não;5;0;5;0;0;0;5;1;-20,23406291;-41,35253988;SPRF-ES;DEL01-ES;UOP02-DEL01-ES
461953.0;16/07/2022;sábado;07:15:00;RJ;101;432;MANGARATIBA;Demais Fenômenos da natureza;Not Human Causes;Not Human Causes;Queda de ocupante de veículo;Com Vítimas Feridas;Pleno dia;Crescente;Céu Claro;Simples;Curva;Não;2;0;0;2;0;0;2;1;-22,93437472;-44,02919087;SPRF-RJ;DEL03-RJ;UOP02-DEL03-RJ
363314.0;10/06/2021;quinta-feira;18:35:00;PR;476;174;CONTENDA;Entrada inopinada do pedestre;Other Human Causes;Not Human Causes;Atropelamento de Pedestre;Com Vítimas Fatais;Plena Noite;Crescente;Chuva;Simples;Reta;Sim;3;1;0;0;2;0;0;2;-25,685408;-49,535042;SPRF-PR;DEL01-PR;UOP03-DEL01-PR
390781.0;20/10/2021;quarta-feira;06:20:00;CE;222;1,7;FORTALEZA;Entrada inopinada do pedestre;Not Human Causes;Not Human Causes;Atropelamento de Pedestre;Sem Vítimas;Pleno dia;Decrescente;Céu Claro;Dupla;Reta;Sim;2;0;0;0;1;1;0;2;-3,737804;-38,578061;SPRF-CE;DEL01-CE;UOP01-DEL01-CE
516548.0;13/04/2023;quinta-feira;09:30:00;RJ;101;52;CAMPOS DOS GOYTACAZES;Entrada inopinada do pedestre;Other Human Causes;Not Human Causes;Atropelamento de Pedestre;Com Vítimas Feridas;Pleno dia;Decrescente;Céu Claro;Simples;Reta;Não;3;0;3;0;0;0;3;2;-21,65160802;-41,31128624;SPRF-RJ;DEL08-RJ;UOP01-DEL08-RJ
614886.0;16/07/2024;terça-feira;18:45:00;BA;324;622;SALVADOR;Entrada inopinada do pedestre;Other Human Causes;Not Human Causes;Atropelamento de Pedestre;Com Vítimas Feridas;Plena Noite;Decrescente;Nublado;Dupla;Reta;Sim;2;0;0;1;1;0;1;2;-1.291.888.605;-3.846.502.095;SPRF-BA;DEL01-BA;UOP01-DEL01-BA
394892.0;10/11/2021;quarta-feira;08:15:00;PE;101;45,3;IGARASSU;Entrada inopinada do pedestre;Other Human Causes;Not Human Causes;Atropelamento de Pedestre;Com Vítimas Feridas;Pleno dia;Decrescente;Céu Claro;Múltipla;Reta;Sim;4;0;0;1;1;2;1;2;-7,86521297;-34,90715176;SPRF-PE;DEL01-PE;UOP02-DEL01-PE
457994.0;25/06/2022;sábado;20:30:00;PR;153;490,9;GENERAL CARNEIRO;Entrada inopinada do pedestre;Other Human Causes;Not Human Causes;Atropelamento de Pedestre;Com Vítimas Fatais;Plena Noite;Decrescente;Céu Claro;Simples;Viaduto;Sim;4;1;0;0;1;2;0;3;-26,42446069;-51,30710386;SPRF-PR;DEL02-PR;UOP03-DEL02-PR
537250.0;21/07/2023;sexta-feira;17:15:00;PR;369;147;LONDRINA;Entrada inopinada do pedestre;Not Human Causes;Not Human Causes;Atropelamento de Pedestre;Com Vítimas Feridas;Pleno dia;Crescente;Céu Claro;Dupla;Reta;Sim;2;0;1;0;1;0;1;2;-23,29293394;-51,14001632;SPRF-PR;DEL07-PR;UOP01-DEL07-PR
529119.0;12/06/2023;segunda-feira;19:10:00;SP;116;286,1;ITAPECERICA DA SERRA;Entrada inopinada do pedestre;Not Human Causes;Not Human Causes;Atropelamento de Pedestre;Com Vítimas Fatais;Plena Noite;Decrescente;Garoa/Chuvisco;Dupla;Reta;Não;2;1;0;0;1;0;0;2;-23,70925128;-46,87588966;SPRF-SP;DEL04-SP;UOP01-DEL04-SP
455116.0;11/06/2022;sábado;00:40:00;DF;40;6,5;BRASILIA;Entrada inopinada do pedestre;Not Human Causes;Not Human Causes;Atropelamento de Pedestre;Com Vítimas Feridas;Plena Noite;Decrescente;Céu Claro;Dupla;Reta;Sim;2;0;1;0;1;0;1;2;-16,029741;-47,978867;SPRF-DF;DEL01-DF;UOP01-DEL01-DF
355192.0;02/05/2021;domingo;15:15:00;PE;101;59,4;RECIFE;Entrada inopinada do pedestre;Other Human Causes;Not Human Causes;Atropelamento de Pedestre;Com Vítimas Feridas;Pleno dia;Crescente;Céu Claro;Dupla;Reta;Não;3;0;0;1;2;0;1;2;-7,97698963;-34,92621303;SPRF-PE;DEL01-PE;UOP02-DEL01-PE
624236.0;28/08/2024;quarta-feira;21:00:00;SC;101;204;SAO JOSE;Falta de acostamento;Not Human Causes;Not Human Causes;Engavetamento;Com Vítimas Feridas;Plena Noite;Crescente;Céu Claro;Múltipla;Reta;Não;3;0;1;0;2;0;1;3;-2.757.413.014;-4.861.363.083;SPRF-SC;DEL01-SC;UOP01-DEL01-SC
423551.0;30/03/2022;quarta-feira;11:00:00;SC;101;212;PALHOCA;Falta de acostamento;Not Human Causes;Not Human Causes;Colisão traseira;Com Vítimas Feridas;Pleno dia;Decrescente;Nublado;Dupla;Reta;Sim;3;0;1;1;1;0;2;2;-27,62996929;-48,65903871;SPRF-SC;DEL01-SC;UOP02-DEL01-SC
596599.0;26/04/2024;sexta-feira;17:50:00;RS;116;318,7;BARRA DO RIBEIRO;Falta de elemento de contenção que evite a saída do leito carroçável;Not Human Causes;Other Human Causes;Saída de leito carroçável;Com Vítimas Feridas;Plena Noite;Crescente;Nublado;Dupla;"Retorno Regulamentado;Reta";Não;3;0;1;2;0;0;3;1;-3.027.278.604;-5.140.935.988;SPRF-RS;DEL02-RS;UOP01-DEL02-RS
346070.0;13/03/2021;sábado;11:10:00;MG;40;213;JOAO PINHEIRO;Frear bruscamente;Other Human Causes;Other;Colisão lateral sentido oposto;Com Vítimas Feridas;Pleno dia;Crescente;Céu Claro;Simples;Curva;Não;4;0;1;0;2;3;1;6;-17,96471403;-45,71192059;SPRF-MG;DEL14-MG;UOP02-DEL14-MG
640172.0;07/11/2024;quinta-feira;12:10:00;MS;463;110;PONTA PORA;Frear bruscamente;Other Human Causes;Other;Colisão traseira;Com Vítimas Feridas;Pleno dia;Decrescente;Chuva;Dupla;"Rotatória;Reta";Sim;2;0;1;0;1;0;1;2;-2.257.302.287;-5.569.391.958;SPRF-MS;DEL04-MS;UOP03-DEL04-MS
638278.0;29/10/2024;terça-feira;18:00:00;RJ;101;302;SAO GONCALO;Frear bruscamente;Other Human Causes;Other;Queda de ocupante de veículo;Com Vítimas Feridas;Plena Noite;Crescente;Céu Claro;Dupla;Reta;Sim;1;0;1;0;0;0;1;1;-2.278.069.318;-4.296.706.396;SPRF-RJ;DEL02-RJ;UOP02-DEL02-RJ
375260.0;06/08/2021;sexta-feira;16:25:00;SC;101;201,9;BIGUACU;Frear bruscamente;Other Human Causes;Other;Tombamento;Com Vítimas Feridas;Pleno dia;Decrescente;Nublado;Múltipla;Reta;Não;1;0;1;0;0;0;1;1;-27,54836599;-48,61977975;SPRF-SC;DEL01-SC;UOP01-DEL01-SC
635397.0;17/10/2024;quinta-feira;04:30:00;SC;280;136,8;RIO NEGRINHO;Fumaça;Other;Not Human Causes;Incêndio;Sem Vítimas;Plena Noite;Crescente;Céu Claro;Simples;Reta;Não;1;0;0;0;1;0;0;1;-26.270.102;-4.958.121;SPRF-SC;DEL06-SC;UOP03-DEL06-SC
598581.0;05/05/2024;domingo;22:40:00;PR;476;272,8;SAO MATEUS DO SUL;Iluminação deficiente;Not Human Causes;Not Human Causes;Colisão traseira;Com Vítimas Fatais;Plena Noite;Decrescente;Nublado;Simples;Reta;Não;2;1;0;0;1;0;0;2;-25.894.484;-50.368.007;SPRF-PR;DEL02-PR;UOP03-DEL02-PR
555250.0;15/10/2023;domingo;21:00:00;RJ;465;9;SEROPEDICA;Iluminação deficiente;Not Human Causes;Not Human Causes;Atropelamento de Pedestre;Com Vítimas Feridas;Plena Noite;Crescente;Nublado;Simples;Curva;Não;3;0;0;1;2;0;1;2;-22,771765;-43,670528;SPRF-RJ;DEL01-RJ;UOP03-DEL01-RJ
353214.0;21/04/2021;quarta-feira;21:40:00;BA;407;127;SENHOR DO BONFIM;Ingestão de álcool e/ou substâncias psicoativas pelo pedestre;Human Causes - Alcohol;Not Human Causes;Colisão frontal;Com Vítimas Feridas;Plena Noite;Crescente;Céu Claro;Simples;Declive;Sim;2;0;1;0;1;0;1;2;-10,46231315;-40,17519422;SPRF-BA;DEL04-BA;UOP01-DEL04-BA
472195.0;04/09/2022;domingo;04:10:00;SC;480;125,9;CHAPECO;Ingestão de álcool e/ou substâncias psicoativas pelo pedestre;Human Causes - Alcohol;Not Human Causes;Colisão com objeto;Com Vítimas Feridas;Plena Noite;Decrescente;Céu Claro;Dupla;Reta;Não;1;0;1;0;0;0;1;1;-27,0195;-52,636173;SPRF-SC;DEL07-SC;UOP01-DEL07-SC
452615.0;28/05/2022;sábado;22:00:00;PE;101;15;GOIANA;Ingestão de álcool e/ou substâncias psicoativas pelo pedestre;Human Causes - Alcohol;Not Human Causes;Saída de leito carroçável;Sem Vítimas;Plena Noite;Crescente;Chuva;Dupla;Reta;Não;1;0;0;0;0;1;0;1;-7,62621106;-34,96669711;SPRF-PE;DEL01-PE;UOP02-DEL01-PE
423482.0;06/03/2022;domingo;02:00:00;ES;101;64;SAO MATEUS;Ingestão de álcool ou de substâncias psicoativas pelo pedestre;Human Causes - Alcohol;Not Human Causes;Atropelamento de Pedestre;Com Vítimas Feridas;Plena Noite;Decrescente;Chuva;Simples;Reta;Não;2;0;0;1;0;1;1;2;-18,70428583;-39,87065983;SPRF-ES;DEL04-ES;UOP02-DEL04-ES
456083.0;15/06/2022;quarta-feira;21:40:00;MG;381;508,2;SAO JOAQUIM DE BICAS;Ingestão de substâncias psicoativas pelo condutor;Human Causes - Alcohol;Human Causes - Alcohol;Colisão frontal;Com Vítimas Feridas;Plena Noite;Crescente;Céu Claro;Múltipla;Declive;Sim;2;0;1;0;1;0;1;2;-20,0439;-44,27018;SPRF-MG;DEL01-MG;UOP03-DEL01-MG
547195.0;07/09/2023;quinta-feira;13:10:00;GO;153;321;RIANAPOLIS;Ingestão de substâncias psicoativas pelo condutor;Human Causes - Alcohol;Human Causes - Alcohol;Queda de ocupante de veículo;Com Vítimas Feridas;Pleno dia;Crescente;Céu Claro;Simples;Reta;Não;1;0;1;0;0;0;1;1;-15,456578;-49,502522;SPRF-GO;DEL02-GO;UOP02-DEL02-GO
538818.0;28/07/2023;sexta-feira;23:43:00;PR;369;441,8;UBIRATA;Neblina;Not Human Causes;Not Human Causes;Colisão traseira;Com Vítimas Feridas;Plena Noite;Crescente;Nevoeiro/Neblina;Simples;Reta;Não;3;0;0;1;2;0;1;3;-24,5181;-52,9326;SPRF-PR;DEL04-PR;UOP03-DEL04-PR
689740.0;08/05/2025;quinta-feira;02:25:00;MG;40;587,3;ITABIRITO;Objeto estático sobre o leito carroçável;Not Human Causes;Other Human Causes;Colisão com objeto;Com Vítimas Feridas;Plena Noite;Crescente;Nevoeiro/Neblina;Simples;"Curva;Declive";Não;3;0;0;1;1;2;1;4;-20,35008;-43,91675;SPRF-MG;DEL01-MG;UOP02-DEL01-MG
406050.0;05/01/2022;quarta-feira;09:30:00;GO;452;45,8;SANTA HELENA DE GOIAS;Objeto estático sobre o leito carroçável;Other;Other Human Causes;Colisão com objeto;Com Vítimas Feridas;Pleno dia;Crescente;Céu Claro;Simples;Reta;Não;5;0;4;0;1;0;4;1;-17,94510822;-50,51728809;SPRF-GO;DEL04-GO;UOP01-DEL04-GO
503063.0;02/09/2022;sexta-feira;07:45:00;MG;251;447;GRAO MOGOL;Objeto estático sobre o leito carroçável;Not Human Causes;Other Human Causes;Queda de ocupante de veículo;Com Vítimas Feridas;Pleno dia;Crescente;Céu Claro;Simples;Reta;Não;1;0;0;1;0;0;1;1;-16,43408996;-43,27992195;SPRF-MG;DEL12-MG;UOP01-DEL12-MG
602378.0;23/05/2024;quinta-feira;09:45:00;PB;230;8,5;CABEDELO;Objeto estático sobre o leito carroçável;Not Human Causes;Other Human Causes;Colisão com objeto;Com Vítimas Feridas;Pleno dia;Crescente;Céu Claro;Múltipla;"Reta;Declive;Viaduto";Não;2;0;1;0;1;0;1;2;-704.087.725;-3.484.533.048;SPRF-PB;DEL01-PB;UOP01-DEL01-PB
384550.0;19/09/2021;domingo;18:20:00;SP;116;229;SAO PAULO;Objeto estático sobre o leito carroçável;Not Human Causes;Other Human Causes;Colisão com objeto;Com Vítimas Feridas;Plena Noite;Decrescente;Céu Claro;Múltipla;Reta;Sim;2;0;1;1;0;0;2;1;-23,51291902;-46,57604698;SPRF-SP;DEL01-SP;UOP01-DEL01-SP
639819.0;05/11/2024;terça-feira;18:40:00;PE;423;53,6;LAJEDO;Objeto estático sobre o leito carroçável;Other;Other Human Causes;Engavetamento;Com Vítimas Feridas;Plena Noite;Crescente;Céu Claro;Simples;Reta;Não;4;0;0;1;1;2;1;4;-859.893;-3.629.195.398;SPRF-PE;DEL03-PE;UOP01-DEL03-PE
463634.0;21/03/2022;segunda-feira;19:30:00;BA;116;16;VITORIA DA CONQUISTA;Objeto estático sobre o leito carroçável;Other;Other Human Causes;Tombamento;Com Vítimas Feridas;Plena Noite;Decrescente;Ignorado;Simples;Reta;Não;1;0;0;1;0;0;1;1;-14,90232912;-40,84818905;SPRF-BA;DEL08-BA;UOP01-DEL08-BA
691435.0;15/05/2025;quinta-feira;13:20:00;SP;381;85;SAO PAULO;Objeto estático sobre o leito carroçável;Not Human Causes;Other Human Causes;Colisão com objeto;Com Vítimas Feridas;Pleno dia;Decrescente;Sol;Múltipla;"Aclive;Reta;Viaduto";Sim;1;0;1;0;0;0;1;1;-23,46233;-46,57097;SPRF-SP;DEL03-SP;UOP01-DEL03-SP
344445.0;05/03/2021;sexta-feira;16:40:00;RJ;116;302;RESENDE;Obras na pista;Not Human Causes;Other;Engavetamento;Com Vítimas Feridas;Pleno dia;Crescente;Chuva;Dupla;Reta;Sim;8;0;1;0;7;0;1;7;-22,45364576;-44,37040802;SPRF-RJ;DEL07-RJ;UOP02-DEL07-RJ
513279.0;27/03/2023;segunda-feira;22:00:00;MG;50;168;UBERABA;Obras na pista;Other;Other;Colisão com objeto;Com Vítimas Feridas;Plena Noite;Crescente;Chuva;Simples;"Desvio Temporário;Em Obras";Sim;2;0;1;0;0;1;1;2;-19,71878606;-47,97991239;SPRF-MG;DEL13-MG;UOP01-DEL13-MG
363454.0;07/06/2021;segunda-feira;23:15:00;PR;116;28,1;CAMPINA GRANDE DO SUL;Obstrução na via;Not Human Causes;Other;Colisão lateral mesmo sentido;Sem Vítimas;Plena Noite;Decrescente;Garoa/Chuvisco;Dupla;Curva;Sim;3;0;0;0;2;1;0;3;-25,11163286;-48,80248725;SPRF-PR;DEL01-PR;UOP02-DEL01-PR
447457.0;02/05/2022;segunda-feira;21:45:00;SC;101;84,8;BARRA VELHA;Obstrução na via;Not Human Causes;Other;Colisão traseira;Com Vítimas Feridas;Plena Noite;Decrescente;Chuva;Dupla;Reta;Sim;3;0;1;0;1;1;1;3;-26,62404682;-48,71394986;SPRF-SC;DEL03-SC;UOP02-DEL03-SC
384253.0;18/09/2021;sábado;09:35:00;GO;70;9;AGUAS LINDAS DE GOIAS;Pedestre cruzava a pista fora da faixa;Other Human Causes;Not Human Causes;Atropelamento de Pedestre;Com Vítimas Feridas;Pleno dia;Crescente;Céu Claro;Dupla;Reta;Sim;3;0;1;0;1;1;1;2;-15,73576731;-48,28288046;SPRF-DF;DEL03-DF;UOP02-DEL03-DF
521912.0;09/05/2023;terça-feira;01:10:00;MG;40;631,1;CONSELHEIRO LAFAIETE;Pedestre cruzava a pista fora da faixa;Not Human Causes;Not Human Causes;Atropelamento de Pedestre;Com Vítimas Feridas;Plena Noite;Crescente;Nublado;Simples;Aclive;Sim;2;0;0;1;1;0;1;2;-20,67117194;-43,79954165;SPRF-MG;DEL05-MG;UOP02-DEL05-MG
573105.0;07/01/2024;domingo;04:55:00;RS;392;352,5;SANTA MARIA;Pedestre cruzava a pista fora da faixa;Other Human Causes;Not Human Causes;Atropelamento de Pedestre;Com Vítimas Fatais;Plena Noite;Crescente;Céu Claro;Dupla;Reta;Sim;4;1;0;0;1;2;0;2;-2.972.361.353;-5.380.644.321;SPRF-RS;DEL09-RS;UOP01-DEL09-RS
514710.0;04/04/2023;terça-feira;07:25:00;PR;369;152;LONDRINA;Pedestre cruzava a pista fora da faixa;Other Human Causes;Not Human Causes;Atropelamento de Pedestre;Com Vítimas Feridas;Pleno dia;Decrescente;Céu Claro;Dupla;Reta;Sim;2;0;2;0;0;0;2;2;-23,29455005;-51,18854284;SPRF-PR;DEL07-PR;UOP01-DEL07-PR
561671.0;16/11/2023;quinta-feira;15:35:00;MA;222;525;BURITICUPU;Pedestre cruzava a pista fora da faixa;Other;Not Human Causes;Atropelamento de Pedestre;Sem Vítimas;Pleno dia;Decrescente;Céu Claro;Simples;Reta;Sim;2;0;0;0;1;1;0;2;-4,32435414;-46,44144311;SPRF-MA;DEL02-MA;UOP01-DEL02-MA
342907.0;25/02/2021;quinta-feira;20:20:00;PR;376;185;SARANDI;Pedestre cruzava a pista fora da faixa;Not Human Causes;Not Human Causes;Atropelamento de Pedestre;Com Vítimas Fatais;Plena Noite;Decrescente;Céu Claro;Dupla;Reta;Sim;4;1;0;0;1;3;0;4;-23,45147413;-51,85361808;SPRF-PR;DEL09-PR;UOP01-DEL09-PR
546990.0;06/09/2023;quarta-feira;14:10:00;MA;135;24;SAO LUIS;Pedestre cruzava a pista fora da faixa;Other Human Causes;Not Human Causes;Eventos atípicos;Com Vítimas Feridas;Pleno dia;Crescente;Céu Claro;Dupla;Reta;Sim;2;0;0;1;0;1;1;2;-2,75938096;-44,35428204;SPRF-MA;DEL01-MA;UOP01-DEL01-MA
421784.0;20/03/2022;domingo;19:40:00;RS;116;246;SAO LEOPOLDO;Pedestre cruzava a pista fora da faixa;Other Human Causes;Not Human Causes;Atropelamento de Pedestre;Com Vítimas Feridas;Plena Noite;Decrescente;Céu Claro;Dupla;Reta;Sim;2;0;0;1;1;0;1;2;-29,758751;-51,15186806;SPRF-RS;DEL01-RS;UOP02-DEL01-RS
654670.0;12/01/2025;domingo;16:25:00;RJ;101;590,3;PARATY;Pedestre cruzava a pista fora da faixa;Other Human Causes;Not Human Causes;Atropelamento de Pedestre;Com Vítimas Feridas;Pleno dia;Decrescente;Nublado;Simples;Reta;Não;2;0;1;0;1;0;1;2;-23,30840813;-44,70725998;SPRF-RJ;DEL03-RJ;UOP04-DEL03-RJ
331924.0;01/01/2021;sexta-feira;20:30:00;MG;381;510;SAO JOAQUIM DE BICAS;Pedestre cruzava a pista fora da faixa;Other;Not Human Causes;Atropelamento de Pedestre;Com Vítimas Feridas;Plena Noite;Decrescente;Chuva;Múltipla;Reta;Sim;2;0;0;1;0;1;1;2;-20,07738209;-44,30434488;SPRF-MG;DEL01-MG;UOP03-DEL01-MG
533839.0;05/05/2023;sexta-feira;17:30:00;RS;116;148;CAXIAS DO SUL;Pedestre cruzava a pista fora da faixa;Not Human Causes;Not Human Causes;Atropelamento de Pedestre;Com Vítimas Feridas;Plena Noite;Crescente;Chuva;Dupla;Reta;Sim;2;0;0;1;1;0;1;2;-29,15444539;-51,15101681;SPRF-RS;DEL05-RS;UOP01-DEL05-RS
455425.0;12/06/2022;domingo;15:20:00;MT;70;45;BARRA DO GARCAS;Pista em desnível;Not Human Causes;Not Human Causes;Saída de leito carroçável;Com Vítimas Feridas;Pleno dia;Decrescente;Céu Claro;Simples;Reta;Não;1;0;1;0;0;0;1;1;-15,75017401;-52,59685901;SPRF-MT;DEL07-MT;UOP01-DEL07-MT
401321.0;12/12/2021;domingo;16:00:00;MG;251;334;FRUTA DE LEITE;Problema com o freio;Other;Other;Colisão traseira;Com Vítimas Feridas;Pleno dia;Decrescente;Céu Claro;Simples;Curva;Não;3;0;0;1;2;0;1;2;-16,25584596;-42,43923797;SPRF-MG;DEL12-MG;UOP01-DEL12-MG
477308.0;27/09/2022;terça-feira;22:30:00;RJ;116;99;GUAPIMIRIM;Problema com o freio;Other;Other;Tombamento;Com Vítimas Feridas;Plena Noite;Crescente;Céu Claro;Simples;"Curva;Declive";Não;2;0;1;0;1;0;1;1;-22,5029817;-43,0009466;SPRF-RJ;DEL04-RJ;UOP01-DEL04-RJ
467419.0;11/08/2022;quinta-feira;21:20:00;BA;101;739,7;ITABELA;Problema com o freio;Other;Other;Tombamento;Com Vítimas Feridas;Pleno dia;Decrescente;Céu Claro;Dupla;"Curva;Declive";Não;1;0;1;0;0;0;1;1;-16,53366;-39,566694;SPRF-BA;DEL09-BA;UOP01-DEL09-BA
385428.0;24/09/2021;sexta-feira;15:00:00;MG;267;201,2;BOM JARDIM DE MINAS;Problema com o freio;Other;Other;Tombamento;Com Vítimas Feridas;Pleno dia;Decrescente;Céu Claro;Simples;"Declive;Curva";Não;2;0;1;0;0;1;1;2;-21,931292;-44,094997;SPRF-MG;DEL05-MG;UOP01-DEL05-MG
473052.0;08/09/2022;quinta-feira;04:00:00;SC;101;374,9;ICARA;Problema com o freio;Other;Other;Incêndio;Sem Vítimas;Plena Noite;Decrescente;Nevoeiro/Neblina;Dupla;Reta;Sim;2;0;0;0;1;1;0;2;-28,73148911;-49,24351752;SPRF-SC;DEL02-SC;UOP01-DEL02-SC
687982.0;29/04/2025;terça-feira;06:50:00;MG;381;847;POUSO ALEGRE;Problema na suspensão;Other;Other;Capotamento;Com Vítimas Feridas;Pleno dia;Decrescente;Céu Claro;Dupla;Reta;Não;1;0;1;0;0;0;1;1;-22,2756864;-45,9800576;SPRF-MG;DEL16-MG;UOP01-DEL16-MG
558431.0;01/11/2023;quarta-feira;06:30:00;SC;101;89;BARRA VELHA;Problema na suspensão;Not Human Causes;Other;Colisão frontal;Com Vítimas Feridas;Pleno dia;Decrescente;Sol;Simples;Reta;Não;2;0;1;0;1;0;1;2;-26,65175997;-48,68721921;SPRF-SC;DEL03-SC;UOP02-DEL03-SC
551379.0;27/09/2023;quarta-feira;22:00:00;RS;290;13,3;SANTO ANTONIO DA PATRULHA;Retorno proibido;Other Human Causes;Other Human Causes;Colisão transversal;Com Vítimas Feridas;Plena Noite;Crescente;Céu Claro;Dupla;Reta;Não;4;0;2;0;1;2;2;4;-29,875334;-50,396614;SPRF-RS;DEL03-RS;UOP01-DEL03-RS
662021.0;17/02/2025;segunda-feira;16:30:00;PR;376;167,9;MARINGA;Retorno proibido;Other Human Causes;Other Human Causes;Colisão traseira;Com Vítimas Feridas;Pleno dia;Decrescente;Nublado;Dupla;Reta;Não;2;0;1;0;1;0;1;2;-23,40324167;-51,99632075;SPRF-PR;DEL09-PR;UOP01-DEL09-PR
606621.0;10/06/2024;segunda-feira;18:25:00;SC;101;39,4;JOINVILLE;Suicídio (presumido);Other Human Causes;Other Human Causes;Atropelamento de Pedestre;Com Vítimas Feridas;Plena Noite;Decrescente;Céu Claro;Dupla;Reta;Sim;2;0;1;0;1;0;1;2;-262.628.107;-4.890.192.257;SPRF-SC;DEL03-SC;UOP01-DEL03-SC
359536.0;23/05/2021;domingo;15:40:00;RJ;465;1;SEROPEDICA;Transitar no acostamento;Other Human Causes;Other Human Causes;Atropelamento de Pedestre;Com Vítimas Fatais;Pleno dia;Decrescente;Céu Claro;Simples;Reta;Sim;2;1;0;0;0;1;0;2;-22,719835;-43,725739;SPRF-RJ;DEL01-RJ;UOP03-DEL01-RJ
372954.0;25/07/2021;domingo;23:15:00;BA;324;616;SALVADOR;Transitar no acostamento;Other Human Causes;Other Human Causes;Queda de ocupante de veículo;Com Vítimas Fatais;Plena Noite;Decrescente;Chuva;Dupla;Reta;Não;1;1;0;0;0;0;0;1;-12,87957905;-38,43213893;SPRF-BA;DEL01-BA;UOP01-DEL01-BA
349360.0;01/04/2021;quinta-feira;13:00:00;MG;40;470,9;SETE LAGOAS;Transitar no acostamento;Other Human Causes;Other Human Causes;Colisão com objeto;Sem Vítimas;Pleno dia;Crescente;Céu Claro;Dupla;Reta;Sim;2;0;0;0;2;0;0;1;-19,46787403;-44,29555707;SPRF-MG;DEL02-MG;UOP01-DEL02-MG
350751.0;09/04/2021;sexta-feira;11:10:00;PR;116;2;CAMPINA GRANDE DO SUL;Transitar no acostamento;Other Human Causes;Other Human Causes;Colisão traseira;Com Vítimas Feridas;Pleno dia;Crescente;Sol;Dupla;Reta;Sim;2;0;0;1;1;0;1;2;-25,3562;-49,0677;SPRF-PR;DEL01-PR;UOP02-DEL01-PR
542571.0;15/08/2023;terça-feira;17:10:00;MS;163;265;DOURADOS;Transtornos Mentais (exceto suicidio);Other Human Causes;Other;Queda de ocupante de veículo;Com Vítimas Feridas;Pleno dia;Decrescente;Céu Claro;Dupla;Rotatória;Não;2;0;1;0;1;0;1;1;-22,222698;-54,73128;SPRF-MS;DEL04-MS;UOP01-DEL04-MS