id;pesid;data_inversa;dia_semana;horario;uf;br;km;municipio;causa_principal;causa_acidente;ai_guess;groundtruth;ordem_tipo_acidente;tipo_acidente;classificacao_acidente;fase_dia;sentido_via;condicao_metereologica;tipo_pista;tracado_via;uso_solo;id_veiculo;tipo_veiculo;marca;ano_fabricacao_veiculo;tipo_envolvido;estado_fisico;idade;sexo;ilesos;feridos_leves;feridos_graves;mortos;latitude;longitude;regional;delegacia;uop
652782;1468505.0;02/01/2025;quinta-feira;16:05:00;PB;230.0;20,2;JOAO PESSOA;Sim;Ingestão de álcool pelo condutor;Human Causes - Alcohol;Human Causes - Alcohol;1;Colisão traseira;Com Vítimas Feridas;Pleno dia;Crescente;Céu Claro;Dupla;Curva;Não;1173536.0;Automóvel;CHEVROLET/CLASSIC LS;2013.0;Condutor;Ileso;23.0;Masculino;1.0;0.0;0.0;0.0;-7,13917605;-34,8526454;SPRF-PB;DEL01-PB;UOP01-DEL01-PB
659707;1487212.0;06/02/2025;quinta-feira;22:40:00;PR;369.0;143,4;LONDRINA;Sim;Ingestão de álcool pelo condutor;Human Causes - Alcohol;Human Causes - Alcohol;3;Capotamento;Com Vítimas Feridas;Plena Noite;Decrescente;Nublado;Dupla;"Aclive;Reta";Sim;1186673.0;Automóvel;I/CITROEN C4 PALLAS20EAF;2010.0;Condutor;Lesões Leves;40.0;Masculino;0.0;1.0;0.0;0.0;-23,29297;-51,097351;SPRF-PR;DEL07-PR;UOP01-DEL07-PR
667477;1506322.0;15/03/2025;sábado;19:01:00;PR;476.0;98;BOCAIUVA DO SUL;Sim;Ingestão de álcool pelo condutor;Human Causes - Alcohol;Human Causes - Alcohol;1;Colisão lateral sentido oposto;Sem Vítimas;Plena Noite;Decrescente;Garoa/Chuvisco;Simples;Curva;Não;1201707.0;Camioneta;VW/KOMBI;2009.0;Condutor;Ileso;57.0;Masculino;1.0;0.0;0.0;0.0;-25,23839899;-49,12542388;SPRF-PR;DEL01-PR;UOP01-DEL01-PR
694746;1545052.0;30/05/2025;sexta-feira;19:40:00;SP;116.0;118,1;TAUBATE;Não;Ingestão de álcool pelo condutor;Human Causes - Alcohol;Human Causes - Alcohol;3;Queda de ocupante de veículo;Com Vítimas Feridas;Plena Noite;Crescente;Céu Claro;Dupla;"Reta;Em Obras;Aclive";Não;1232636.0;Motocicleta;HONDA/CG 150 TITAN KS;2008.0;Condutor;Lesões Graves;37.0;Masculino;0.0;0.0;1.0;0.0;-23,06331145;-45,62835571;SPRF-SP;DEL02-SP;UOP02-DEL02-SP
668999;1509758.0;23/03/2025;domingo;06:20:00;PR;116.0;105,9;SAO JOSE DOS PINHAIS;Não;Ingestão de álcool pelo condutor;Human Causes - Alcohol;Human Causes - Alcohol;1;Colisão traseira;Com Vítimas Feridas;Amanhecer;Crescente;Nublado;Dupla;Reta;Sim;1204450.0;Automóvel;FIAT/PUNTO ATTRACTIVE;2010.0;Passageiro;Lesões Leves;20.0;Masculino;0.0;1.0;0.0;0.0;-25,571041;-49,214915;SPRF-PR;DEL01-PR;UOP03-DEL01-PR
668421;1508561.0;20/03/2025;quinta-feira;12:00:00;MS;262.0;305,5;CAMPO GRANDE;Sim;Ingestão de álcool pelo condutor;Human Causes - Alcohol;Human Causes - Alcohol;2;Saída de leito carroçável;Com Vítimas Fatais;Pleno dia;Crescente;Céu Claro;Simples;Curva;Não;1203504.0;Automóvel;VW/GOL 16V PLUS;2000.0;Condutor;Óbito;64.0;Masculino;0.0;0.0;0.0;1.0;-20,48058676;-54,33933914;SPRF-MS;DEL01-MS;UOP01-DEL01-MS
670499;1514595.0;30/03/2025;domingo;05:00:00;RJ;40.0;75;PETROPOLIS;Sim;Ingestão de álcool pelo condutor;Human Causes - Alcohol;Human Causes - Alcohol;1;Colisão com objeto;Com Vítimas Feridas;Amanhecer;Decrescente;Céu Claro;Dupla;"Declive;Curva";Não;1207368.0;Automóvel;FORD/FIESTA;2004.0;Passageiro;Ileso;;Feminino;1.0;0.0;0.0;0.0;-22,5284412;-43,222853;SPRF-RJ;DEL01-RJ;UOP01-DEL01-RJ
669363;;24/03/2025;segunda-feira;17:35:00;MG;116.0;207;CATUJI;Não;Ingestão de álcool pelo condutor;Human Causes - Alcohol;Human Causes - Alcohol;2;Tombamento;Com Vítimas Fatais;Anoitecer;Crescente;Céu Claro;Simples;Reta;Sim;1205123.0;Semireboque;SR/RHODOSS TQ AP 3E A;2020.0;;;;;;;;;-17,30723338;-41,5177846;SPRF-MG;DEL11-MG;UOP01-DEL11-MG
692447;;19/05/2025;segunda-feira;23:13:00;PR;376.0;663,8;GUARATUBA;Sim;Ingestão de álcool pelo condutor;Human Causes - Alcohol;Human Causes - Alcohol;1;Colisão traseira;Com Vítimas Feridas;Plena Noite;Crescente;Nevoeiro/Neblina;Dupla;"Reta;Declive";Não;1228186.0;Semireboque;SR/RANDON SR BA 02E;2024.0;;;;;;;;;-25,854677;-48,96807534;SPRF-PR;DEL01-PR;UOP04-DEL01-PR
655746;1476696.0;17/01/2025;sexta-feira;18:35:00;PR;277.0;509,7;GUARANIACU;Sim;Ingestão de álcool pelo condutor;Human Causes - Alcohol;Human Causes - Alcohol;1;Colisão frontal;Com Vítimas Fatais;Anoitecer;Crescente;Céu Claro;Simples;Reta;Não;1179108.0;Automóvel;I/GM CORSA CLASSIC;2002.0;Condutor;Lesões Leves;31.0;Masculino;0.0;1.0;0.0;0.0;-25,12162365;-52,77960777;SPRF-PR;DEL04-PR;UOP04-DEL04-PR
691693;1537771.0;16/05/2025;sexta-feira;18:40:00;PR;369.0;430,1;UBIRATA;Não;Ingestão de álcool pelo condutor;Human Causes - Alcohol;Human Causes - Alcohol;1;Colisão frontal;Com Vítimas Feridas;Anoitecer;Crescente;Céu Claro;Simples;"Interseção de Vias;Reta";Não;1226740.0;Motocicleta;HONDA/NXR150 BROS ESD;2003.0;Passageiro;Ileso;49.0;Feminino;1.0;0.0;0.0;0.0;-24,5548522;-52,96465874;SPRF-PR;DEL04-PR;UOP03-DEL04-PR
663380;1495995.0;31/01/2025;sexta-feira;23:29:00;RO;364.0;669;CANDEIAS DO JAMARI;Sim;Ingestão de substâncias psicoativas pelo condutor;Human Causes - Alcohol;Human Causes - Alcohol;4;Colisão frontal;Com Vítimas Feridas;Plena Noite;Decrescente;Céu Claro;Simples;Reta;Não;1193620.0;Automóvel;TOYOTA/COROLLA XEI20FLEX;2014.0;Condutor;Lesões Graves;45.0;Masculino;0.0;0.0;1.0;0.0;-8,7753;-63,4933;SPRF-RO;DEL01-RO;UOP01-DEL01-RO
663380;1495996.0;31/01/2025;sexta-feira;23:29:00;RO;364.0;669;CANDEIAS DO JAMARI;Sim;Ingestão de substâncias psicoativas pelo condutor;Human Causes - Alcohol;Human Causes - Alcohol;8;Saída de leito carroçável;Com Vítimas Feridas;Plena Noite;Decrescente;Céu Claro;Simples;Reta;Não;1193620.0;Automóvel;TOYOTA/COROLLA XEI20FLEX;2014.0;Passageiro;Lesões Graves;36.0;Feminino;0.0;0.0;1.0;0.0;-8,7753;-63,4933;SPRF-RO;DEL01-RO;UOP01-DEL01-RO
694933;1545694.0;31/05/2025;sábado;16:10:00;GO;70.0;2;AGUAS LINDAS DE GOIAS;Não;Velocidade Incompatível;Human Causes - Speed;Human Causes - Speed;1;Colisão transversal;Com Vítimas Fatais;Pleno dia;Crescente;Céu Claro;Dupla;"Reta;Retorno Regulamentado";Sim;1233162.0;Automóvel;HYUNDAI/HB20S 1.6M COMF;2016.0;Condutor;Ileso;47.0;Masculino;1.0;0.0;0.0;0.0;-15,76139144;-48,23981059;SPRF-DF;DEL03-DF;UOP02-DEL03-DF
657815;1482201.0;27/01/2025;segunda-feira;08:00:00;RJ;356.0;12;ITAPERUNA;Não;Velocidade Incompatível;Human Causes - Speed;Human Causes - Speed;1;Colisão transversal;Com Vítimas Feridas;Pleno dia;Crescente;Sol;Simples;Reta;Não;1183023.0;Automóvel;VW/GOL 1.0 ECOMOTION GIV;2011.0;Condutor;Ileso;37.0;Masculino;1.0;0.0;0.0;0.0;-21,16687137;-42,08055587;SPRF-RJ;DEL08-RJ;UOP03-DEL08-RJ
666765;1504399.0;08/03/2025;sábado;13:35:00;MG;251.0;464,5;FRANCISCO SA;Sim;Velocidade Incompatível;Human Causes - Speed;Human Causes - Speed;2;Tombamento;Com Vítimas Feridas;Pleno dia;Crescente;Céu Claro;Simples;Curva;Não;1200171.0;Caminhão-trator;M.BENZ/AXOR 2535 S;2010.0;Condutor;Lesões Leves;25.0;Masculino;0.0;1.0;0.0;0.0;-16,442;-43,398;SPRF-MG;DEL12-MG;UOP01-DEL12-MG
691845;;17/05/2025;sábado;07:10:00;SC;470.0;194,2;POUSO REDONDO;Não;Velocidade Incompatível;Human Causes - Speed;Human Causes - Speed;1;Saída de leito carroçável;Com Vítimas Fatais;Pleno dia;Decrescente;Nublado;Simples;"Curva;Declive";Não;1227098.0;Semireboque;SR/FACCHINI SRF PC;2021.0;;;;;;;;;-27,302845;-50,082982;SPRF-SC;DEL04-SC;UOP02-DEL04-SC
655664;1476385.0;17/01/2025;sexta-feira;13:48:00;MS;163.0;185,9;JUTI;Não;Velocidade Incompatível;Human Causes - Speed;Human Causes - Speed;1;Saída de leito carroçável;Com Vítimas Feridas;Pleno dia;Decrescente;Céu Claro;Simples;Reta;Não;1178937.0;Caminhão-trator;VW/29.530 MTM 6X4;2023.0;Condutor;Lesões Leves;39.0;Masculino;0.0;1.0;0.0;0.0;-22,80967201;-54,720188;SPRF-MS;DEL09-MS;UOP01-DEL09-MS
669740;1511586.0;26/03/2025;quarta-feira;17:20:00;SC;282.0;17,9;PALHOCA;Sim;Velocidade Incompatível;Human Causes - Speed;Human Causes - Speed;2;Colisão com objeto;Com Vítimas Fatais;Pleno dia;Decrescente;Nublado;Simples;Reta;Sim;1205945.0;Caminhonete;FIAT/FIORINO FLEX;2012.0;Condutor;Ileso;41.0;Masculino;1.0;0.0;0.0;0.0;-27,67242;-48,692851;SPRF-SC;DEL01-SC;UOP02-DEL01-SC
662658;1494426.0;21/02/2025;sexta-feira;08:35:00;CE;116.0;5;FORTALEZA;Não;Velocidade Incompatível;Human Causes - Speed;Human Causes - Speed;2;Tombamento;Com Vítimas Feridas;Pleno dia;Decrescente;Nublado;Múltipla;Reta;Sim;1192350.0;Automóvel;VW/VOYAGE 1.0;2010.0;Condutor;Ileso;67.0;Masculino;1.0;0.0;0.0;0.0;-3,79467116;-38,50772734;SPRF-CE;DEL01-CE;UOP02-DEL01-CE
658911;1485024.0;02/02/2025;domingo;18:45:00;MS;163.0;270,4;DOURADOS;Não;Velocidade Incompatível;Human Causes - Speed;Human Causes - Speed;2;Queda de ocupante de veículo;Com Vítimas Feridas;Plena Noite;Decrescente;Céu Claro;Dupla;Rotatória;Não;1185119.0;Motocicleta;HONDA/CG 150 TITAN ESD;2009.0;Condutor;Lesões Leves;33.0;Masculino;0.0;1.0;0.0;0.0;-22,19173633;-54,68873978;SPRF-MS;DEL04-MS;UOP01-DEL04-MS
691938;1538447.0;17/05/2025;sábado;19:50:00;RS;116.0;252;SAPUCAIA DO SUL;Não;Velocidade Incompatível;Human Causes - Speed;Human Causes - Speed;1;Saída de leito carroçável;Com Vítimas Feridas;Plena Noite;Decrescente;Céu Claro;Múltipla;"Reta;Declive;Viaduto";Sim;1227290.0;Caminhonete;CHEVROLET/S10 LTZ FD2;2012.0;Passageiro;Lesões Leves;60.0;Feminino;0.0;1.0;0.0;0.0;-29,813696;-51,168695;SPRF-RS;DEL01-RS;UOP02-DEL01-RS
686151;1524038.0;16/04/2025;quarta-feira;16:00:00;MG;381.0;737,7;TRES CORACOES;Sim;Velocidade Incompatível;Human Causes - Speed;Human Causes - Speed;2;Capotamento;Com Vítimas Feridas;Pleno dia;Crescente;Chuva;Dupla;Curva;Não;1216004.0;Automóvel;FIAT/PALIO FIRE;2003.0;Passageiro;Lesões Graves;20.0;Feminino;0.0;0.0;1.0;0.0;-21,56166053;-45,24345338;SPRF-MG;DEL16-MG;UOP02-DEL16-MG
664509;1498989.0;01/03/2025;sábado;13:00:00;GO;153.0;435,9;ANAPOLIS;Não;Velocidade Incompatível;Human Causes - Speed;Human Causes - Speed;3;Colisão com objeto;Com Vítimas Feridas;Pleno dia;Crescente;Céu Claro;Dupla;Reta;Sim;1196062.0;Automóvel;TOYOTA/COROLLA ALTIS HV;2021.0;Condutor;Ileso;35.0;Masculino;1.0;0.0;0.0;0.0;-16,29750443;-48,92942213;SPRF-GO;DEL02-GO;UOP01-DEL02-GO
653028;1469210.0;03/01/2025;sexta-feira;18:15:00;MG;251.0;211,1;CACHOEIRA DE PAJEU;Não;Velocidade Incompatível;Human Causes - Speed;Human Causes - Speed;3;Capotamento;Com Vítimas Feridas;Plena Noite;Crescente;Chuva;Simples;Reta;Não;1173978.0;Automóvel;HONDA/CITY LX FLEX;2010.0;Condutor;Ileso;33.0;Feminino;1.0;0.0;0.0;0.0;-15,89906;-41,53467;SPRF-MG;DEL12-MG;UOP02-DEL12-MG
656658;;22/01/2025;quarta-feira;09:13:00;SP;116.0;125,2;CACAPAVA;Não;Velocidade Incompatível;Human Causes - Speed;Human Causes - Speed;1;Colisão com objeto;Com Vítimas Feridas;Pleno dia;Crescente;Sol;Dupla;"Reta;Declive";Não;1181017.0;Semireboque;SR/RODOTEC PCCS 2E;2017.0;;;;;;;;;-23,09872598;-45,68608201;SPRF-SP;DEL02-SP;UOP02-DEL02-SP
654314;1472787.0;10/01/2025;sexta-feira;21:30:00;RS;116.0;418;CRISTAL;Não;Velocidade Incompatível;Human Causes - Speed;Human Causes - Speed;3;Colisão com objeto;Com Vítimas Fatais;Plena Noite;Decrescente;Céu Claro;Dupla;Reta;Não;1176437.0;Automóvel;I/HYUNDAI AZERA 3.3 V6;2010.0;Condutor;Óbito;69.0;Masculino;0.0;0.0;0.0;1.0;-30,95241694;-51,96069403;SPRF-RS;DEL02-RS;UOP02-DEL02-RS
688285;1532411.0;30/04/2025;quarta-feira;15:23:00;GO;;;GOIANIA;Sim;Velocidade Incompatível;Human Causes - Speed;Human Causes - Speed;3;Queda de ocupante de veículo;Com Vítimas Feridas;Pleno dia;Não Informado;Céu Claro;Dupla;"Retorno Regulamentado;Curva";Sim;1220203.0;Automóvel;I/CHEV CRUZE LTZ NB AT;2019.0;Passageiro;Ileso;43.0;Masculino;1.0;0.0;0.0;0.0;-16,6645;-49,3254;SPRF-GO;DEL01-GO;UOP02-DEL01-GO
655466;1475855.0;16/01/2025;quinta-feira;15:45:00;MS;163.0;610,3;SAO GABRIEL DO OESTE;Não;Velocidade Incompatível;Human Causes - Speed;Human Causes - Speed;1;Saída de leito carroçável;Com Vítimas Feridas;Pleno dia;Crescente;Céu Claro;Simples;"Aclive;Reta";Não;1178599.0;Motocicleta;YAMAHA/FZ15 FAZER ABS;2024.0;Condutor;Lesões Graves;37.0;Masculino;0.0;0.0;1.0;0.0;-19,428153;-54,542558;SPRF-MS;DEL06-MS;UOP02-DEL06-MS
655094;1474870.0;14/01/2025;terça-feira;12:45:00;MG;381.0;620;OLIVEIRA;Sim;Velocidade Incompatível;Human Causes - Speed;Human Causes - Speed;3;Saída de leito carroçável;Com Vítimas Feridas;Pleno dia;Decrescente;Chuva;Dupla;Curva;Não;1177803.0;Automóvel;CHEVROLET/ONIX 10MT JOYE;2016.0;Passageiro;Lesões Leves;65.0;Feminino;0.0;1.0;0.0;0.0;-20,78558012;-44,78578864;SPRF-MG;DEL04-MG;UOP01-DEL04-MG
657305;1480821.0;25/01/2025;sábado;18:20:00;RJ;40.0;53,5;PETROPOLIS;Sim;Velocidade Incompatível;Human Causes - Speed;Human Causes - Speed;2;Colisão transversal;Com Vítimas Feridas;Anoitecer;Decrescente;Céu Claro;Dupla;"Aclive;Curva";Não;1182051.0;Automóvel;AUDI/A3 1.8;2000.0;Passageiro;Ileso;24.0;Masculino;1.0;0.0;0.0;0.0;-22,34399896;-43,13243691;SPRF-RJ;DEL05-RJ;UOP02-DEL05-RJ
667383;1505870.0;15/03/2025;sábado;10:40:00;RJ;116.0;186;NOVA IGUACU;Não;Velocidade Incompatível;Human Causes - Speed;Human Causes - Speed;1;Colisão traseira;Com Vítimas Feridas;Pleno dia;Decrescente;Céu Claro;Dupla;Reta;Sim;1201373.0;Caminhão;FORD/F350 G;2010.0;Condutor;Ileso;34.0;Masculino;1.0;0.0;0.0;0.0;-22,73902566;-43,47286284;SPRF-RJ;DEL06-RJ;UOP01-DEL06-RJ
657005;1480114.0;24/01/2025;sexta-feira;10:00:00;MG;381.0;756;TRES CORACOES;Não;Velocidade Incompatível;Human Causes - Speed;Human Causes - Speed;1;Colisão traseira;Com Vítimas Feridas;Pleno dia;Decrescente;Céu Claro;Dupla;"Reta;Rotatória";Não;1181529.0;Caminhonete;I/FORD RANGER XLT CD4 32;2014.0;Passageiro;Ileso;37.0;Masculino;1.0;0.0;0.0;0.0;-21,6960517;-45,36128707;SPRF-MG;DEL16-MG;UOP02-DEL16-MG
685772;1523316.0;18/04/2025;sexta-feira;13:10:00;GO;80.0;133;BARRO ALTO;Não;Acumulo de água sobre o pavimento;Not Human Causes;Not Human Causes;1;Saída de leito carroçável;Com Vítimas Feridas;Pleno dia;Decrescente;Chuva;Simples;Reta;Sim;1215305.0;Utilitário;I/MMC PAJERO SPORT HPE;2019.0;Passageiro;Ileso;1.0;Masculino;1.0;0.0;0.0;0.0;-14,97882821;-48,92971024;SPRF-GO;DEL07-GO;UOP02-DEL07-GO
654711;1473827.0;12/01/2025;domingo;20:30:00;MG;153.0;94;PRATA;Sim;Acumulo de água sobre o pavimento;Not Human Causes;Not Human Causes;1;Saída de leito carroçável;Com Vítimas Feridas;Plena Noite;Decrescente;Nublado;Simples;"Declive;Reta";Não;1177099.0;Caminhão-trator;SCANIA/T113 H 4X2 360;1992.0;Passageiro;Ileso;22.0;Masculino;1.0;0.0;0.0;0.0;-19,17736794;-48,95075187;SPRF-MG;DEL15-MG;UOP03-DEL15-MG
655079;;14/01/2025;terça-feira;15:45:00;CE;222.0;308;TIANGUA;Sim;Acumulo de água sobre o pavimento;Not Human Causes;Not Human Causes;1;Saída de leito carroçável;Sem Vítimas;Pleno dia;Decrescente;Chuva;Dupla;Reta;Sim;1179949.0;Semireboque;SR/NOMA SRBF 3E  SRCF;2022.0;;;;;;;;;-3,68901102;-40,97669036;SPRF-CE;DEL04-CE;UOP02-DEL04-CE
689370;1532538.0;06/05/2025;terça-feira;01:40:00;SP;116.0;227;SAO PAULO;Sim;Acumulo de areia ou detritos sobre o pavimento;Not Human Causes;Not Human Causes;1;Queda de ocupante de veículo;Com Vítimas Feridas;Plena Noite;Decrescente;Céu Claro;Múltipla;Reta;Sim;1222429.0;Motocicleta;MOTTU/SPORT 110I;2024.0;Condutor;Lesões Leves;20.0;Masculino;0.0;1.0;0.0;0.0;-23,50155554;-46,56467423;SPRF-SP;DEL01-SP;UOP01-DEL01-SP
668063;1507717.0;18/03/2025;terça-feira;16:00:00;BA;116.0;421;FEIRA DE SANTANA;Sim;Acumulo de óleo sobre o pavimento;Not Human Causes;Not Human Causes;2;Queda de ocupante de veículo;Com Vítimas Feridas;Pleno dia;Crescente;Nublado;Múltipla;Reta;Sim;1202808.0;Motoneta;HONDA/BIZ 125;2023.0;Condutor;Lesões Leves;44.0;Masculino;0.0;1.0;0.0;0.0;-12,2190761;-38,96577001;SPRF-BA;DEL02-BA;UOP01-DEL02-BA
667890;1507123.0;17/03/2025;segunda-feira;15:00:00;PI;407.0;465;JAICOS;Sim;Animais na Pista;Not Human Causes;Not Human Causes;1;Atropelamento de Animal;Com Vítimas Feridas;Pleno dia;Decrescente;Chuva;Simples;Reta;Não;1202305.0;Caminhonete;GM/S10 TORNADO D;2005.0;Passageiro;Lesões Leves;37.0;Masculino;0.0;1.0;0.0;0.0;-7,33209;-41,152747;SPRF-PI;DEL04-PI;UOP01-DEL04-PI
667108;1505236.0;14/03/2025;sexta-feira;01:18:00;MT;163.0;623;NOVA MUTUM;Sim;Animais na Pista;Not Human Causes;Not Human Causes;2;Saída de leito carroçável;Com Vítimas Feridas;Plena Noite;Crescente;Céu Claro;Simples;Reta;Não;1200846.0;Automóvel;TOYOTA/COROLLA GLI UPPER;2019.0;Passageiro;Lesões Leves;23.0;Feminino;0.0;1.0;0.0;0.0;-13,601437;-56,031762;SPRF-MT;DEL01-MT;UOP01-DEL01-MT
691577;;16/05/2025;sexta-feira;06:35:00;BA;116.0;16;ABARE;Não;Animais na Pista;Not Human Causes;Not Human Causes;2;Tombamento;Com Vítimas Feridas;Amanhecer;Crescente;Céu Claro;Simples;Reta;Não;1226549.0;Reboque;R/LIBRELATO DLCBQRI2 2E;2018.0;;;;;;;;;-8,762794;-39,260778;SPRF-PE;DEL05-PE;UOP03-DEL05-PE
671308;1515177.0;14/03/2025;sexta-feira;02:45:00;PE;232.0;415,7;SERRA TALHADA;Sim;Animais na Pista;Not Human Causes;Not Human Causes;2;Saída de leito carroçável;Com Vítimas Feridas;Plena Noite;Decrescente;Céu Claro;Simples;Reta;Não;1208962.0;Ônibus;SCANIA/BUSSCAR VBUSS DD;2023.0;Passageiro;Ileso;32.0;Masculino;1.0;0.0;0.0;0.0;-7,99337;-38,339497;SPRF-PE;DEL04-PE;UOP01-DEL04-PE
694966;1545524.0;31/05/2025;sábado;19:13:00;PR;376.0;631,6;SAO JOSE DOS PINHAIS;Não;Área urbana sem a presença de local apropriado para a travessia de pedestres;Not Human Causes;Not Human Causes;1;Atropelamento de Pedestre;Com Vítimas Feridas;Plena Noite;Decrescente;Nublado;Dupla;Reta;Sim;1233025.0;Automóvel;VW/VOYAGE CL MA;2015.0;Passageiro;Ileso;1.0;Feminino;1.0;0.0;0.0;0.0;-25,71587;-49,138362;SPRF-PR;DEL01-PR;UOP04-DEL01-PR
663775;;26/02/2025;quarta-feira;09:50:00;GO;153.0;85;PORANGATU;Não;Ausência de sinalização;Not Human Causes;Not Human Causes;3;Saída de leito carroçável;Com Vítimas Feridas;Pleno dia;Crescente;Nublado;Simples;"Reta;Ponte;Em Obras";Não;1194499.0;Semireboque;SR/RANDON TQ PP 03E;2021.0;;;;;;;;;-13,55246813;-49,09000397;SPRF-GO;DEL07-GO;UOP01-DEL07-GO
663775;1497066.0;26/02/2025;quarta-feira;09:50:00;GO;153.0;85;PORANGATU;Não;Ausência de sinalização;Not Human Causes;Not Human Causes;3;Saída de leito carroçável;Com Vítimas Feridas;Pleno dia;Crescente;Nublado;Simples;"Reta;Ponte;Em Obras";Não;1194496.0;Caminhão-trator;SCANIA/R 480 A6X4;2017.0;Condutor;Ileso;39.0;Masculino;1.0;0.0;0.0;0.0;-13,55246813;-49,09000397;SPRF-GO;DEL07-GO;UOP01-DEL07-GO
691145;1536464.0;14/05/2025;quarta-feira;03:35:00;PB;405.0;5,2;UIRAUNA;Não;Ausência de sinalização;Not Human Causes;Not Human Causes;3;Capotamento;Sem Vítimas;Plena Noite;Crescente;Céu Claro;Simples;"Reta;Interseção de Vias";Não;1225695.0;Automóvel;VW/POLO TRACK MA;2024.0;Passageiro;Não Informado;;Não Informado;0.0;0.0;0.0;0.0;-6,497807;-38,395935;SPRF-PB;DEL03-PB;UOP03-DEL03-PB
696448;1549045.0;11/03/2025;terça-feira;15:05:00;PA;316.0;57;CASTANHAL;Não;Chuva;Not Human Causes;Not Human Causes;2;Capotamento;Com Vítimas Feridas;Pleno dia;Decrescente;Chuva;Dupla;Reta;Não;1235869.0;Utilitário;I/MB 416SPRINTER REV AMB;2019.0;Passageiro;Ileso;38.0;Masculino;1.0;0.0;0.0;0.0;-1,30107445;-47,98488826;SPRF-PA;DEL01-PA;UOP01-DEL01-PA
655614;1476195.0;09/01/2025;quinta-feira;17:15:00;SP;116.0;546;BARRA DO TURVO;Não;Chuva;Not Human Causes;Not Human Causes;1;Colisão com objeto;Com Vítimas Feridas;Pleno dia;Crescente;Chuva;Simples;"Declive;Curva";Não;1178832.0;Automóvel;TOYOTA/COROLLA XEI20FLEX;2014.0;Condutor;Lesões Leves;55.0;Masculino;0.0;1.0;0.0;0.0;-24,95016699;-48,42400302;SPRF-SP;DEL05-SP;UOP02-DEL05-SP
692933;1540791.0;22/05/2025;quinta-feira;10:30:00;PR;;;INACIO MARTINS;Não;Chuva;Not Human Causes;Not Human Causes;2;Colisão com objeto;Sem Vítimas;Pleno dia;Não Informado;Chuva;Simples;"Aclive;Curva";Não;1229169.0;Utilitário;CHEV/TRAILBLAZER LT D4A;2021.0;Condutor;Ileso;48.0;Masculino;1.0;0.0;0.0;0.0;-25,5766601;-51,0689599;SPRF-PR;DEL07-PR;UOP01-DEL07-PR
659998;1489476.0;08/02/2025;sábado;06:00:00;SP;116.0;509;CAJATI;Não;Chuva;Not Human Causes;Not Human Causes;2;Colisão traseira;Sem Vítimas;Amanhecer;Decrescente;Chuva;Simples;Reta;Não;1187220.0;Ônibus;SCANIA/BUSSCAR VBUSS;2021.0;Passageiro;Ileso;5.0;Feminino;1.0;0.0;0.0;0.0;-24,82178987;-48,21419034;SPRF-SP;DEL05-SP;UOP02-DEL05-SP
666553;;11/03/2025;terça-feira;08:50:00;MS;163.0;13,7;MUNDO NOVO;Não;Chuva;Not Human Causes;Not Human Causes;4;Tombamento;Com Vítimas Feridas;Pleno dia;Crescente;Chuva;Simples;"Declive;Curva";Não;1199785.0;Semireboque;SR/FACCHINI SRF 2CB;2021.0;;;;;;;;;-23,9495;-54,312543;SPRF-MS;DEL09-MS;UOP02-DEL09-MS
668651;;21/03/2025;sexta-feira;13:15:00;BA;418.0;77;NOVA VICOSA;Não;Chuva;Not Human Causes;Not Human Causes;2;Colisão transversal;Com Vítimas Fatais;Pleno dia;Decrescente;Chuva;Simples;Reta;Não;1203916.0;Semireboque;SR/FACCHINI SRF TT;2022.0;;;;;;;;;-17,877368;-39,77398;SPRF-BA;DEL09-BA;UOP02-DEL09-BA
656633;1479101.0;22/01/2025;quarta-feira;06:30:00;MG;116.0;555,2;MANHUACU;Não;Curva acentuada;Not Human Causes;Not Human Causes;1;Tombamento;Com Vítimas Feridas;Pleno dia;Crescente;Céu Claro;Simples;"Curva;Declive";Não;1180763.0;Caminhão-trator;SCANIA/G 400 A6X2;2013.0;Condutor;Lesões Graves;31.0;Masculino;0.0;0.0;1.0;0.0;-20,00911074;-42,14328403;SPRF-MG;DEL06-MG;UOP02-DEL06-MG
658710;1486445.0;01/02/2025;sábado;23:05:00;MG;381.0;438;SABARA;Não;Curva acentuada;Not Human Causes;Not Human Causes;1;Colisão lateral sentido oposto;Com Vítimas Fatais;Plena Noite;Crescente;Nublado;Simples;Curva;Não;1184912.0;Ônibus;SCANIA/MPOLO PARADISO R;2013.0;Passageiro;Lesões Graves;31.0;Feminino;0.0;0.0;1.0;0.0;-19,79944368;-43,76157045;SPRF-MG;DEL01-MG;UOP01-DEL01-MG
673566;;14/04/2025;segunda-feira;00:05:00;MT;163.0;1040;MATUPA;Não;Deficiência do Sistema de Iluminação/Sinalização;Not Human Causes;Not Human Causes;1;Colisão frontal;Com Vítimas Fatais;Plena Noite;Decrescente;Céu Claro;Simples;Declive;Sim;1214268.0;Reboque;R/RANDON RE DL;2003.0;;;;;;;;;-10,15837821;-54,93404026;SPRF-MT;DEL06-MT;UOP03-DEL06-MT
673026;1521614.0;11/04/2025;sexta-feira;20:40:00;MG;262.0;367,1;JUATUBA;Não;Deficiência do Sistema de Iluminação/Sinalização;Not Human Causes;Not Human Causes;1;Atropelamento de Pedestre;Com Vítimas Fatais;Plena Noite;Decrescente;Céu Claro;Dupla;Reta;Não;1212420.0;Caminhão;Não Informado/Não Informado;0.0;Condutor;Não Informado;;Não Informado;0.0;0.0;0.0;0.0;-19,97252;-44,329996;SPRF-MG;DEL01-MG;UOP03-DEL01-MG
691137;1536438.0;14/05/2025;quarta-feira;00:30:00;RS;153.0;405;CACHOEIRA DO SUL;Sim;Iluminação deficiente;Not Human Causes;Not Human Causes;2;Queda de ocupante de veículo;Com Vítimas Feridas;Plena Noite;Crescente;Céu Claro;Simples;"Reta;Declive";Não;1225670.0;Motocicleta;HONDA/CG 160 START;2022.0;Condutor;Lesões Leves;26.0;Masculino;0.0;1.0;0.0;0.0;-29,9962173;-52,92367458;SPRF-RS;DEL02-RS;UOP03-DEL02-RS
661013;1490432.0;12/02/2025;quarta-feira;22:30:00;PB;230.0;241;JUAZEIRINHO;Não;Iluminação deficiente;Not Human Causes;Not Human Causes;1;Atropelamento de Animal;Com Vítimas Feridas;Plena Noite;Decrescente;Céu Claro;Simples;Reta;Não;1189183.0;Motocicleta;HONDA/CG 150 TITAN ES;2007.0;Condutor;Lesões Graves;50.0;Masculino;0.0;0.0;1.0;0.0;-7,0688;-36,5739;SPRF-PB;DEL02-PB;UOP02-DEL02-PB
663578;1496524.0;16/01/2025;quinta-feira;02:30:00;GO;153.0;139;MARA ROSA;Não;Iluminação deficiente;Not Human Causes;Not Human Causes;2;Saída de leito carroçável;Com Vítimas Fatais;Plena Noite;Crescente;Chuva;Simples;Reta;Não;1194055.0;Ônibus;SCANIA/MPOLO PARADISO R;2004.0;Passageiro;Óbito;38.0;Masculino;0.0;0.0;0.0;1.0;-13,985113;-49,090572;SPRF-GO;DEL07-GO;UOP01-DEL07-GO
663966;1498024.0;27/02/2025;quinta-feira;06:30:00;PA;163.0;671;ITAITUBA;Não;Iluminação deficiente;Other;Not Human Causes;1;Colisão frontal;Com Vítimas Fatais;Pleno dia;Crescente;Céu Claro;Simples;"Aclive;Curva";Não;;;NA/NA;;Testemunha;Não Informado;;Não Informado;0.0;0.0;0.0;0.0;-4,379287;-55,786097;SPRF-PA;DEL06-PA;UOP01-DEL06-PA
687319;1528829.0;25/04/2025;sexta-feira;19:20:00;PE;101.0;117;IPOJUCA;Não;Iluminação deficiente;Other Human Causes;Not Human Causes;1;Saída de leito carroçável;Com Vítimas Feridas;Plena Noite;Crescente;Nublado;Dupla;"Curva;Rotatória";Não;1218417.0;Automóvel;RENAULT/SANDERO EXP16SCE;2017.0;Passageiro;Lesões Leves;3.0;Masculino;0.0;1.0;0.0;0.0;-8,34947;-35,15283;SPRF-PE;DEL01-PE;UOP03-DEL01-PE
673518;1520484.0;13/04/2025;domingo;18:15:00;MG;116.0;206;CARAI;Sim;Pedestre andava na pista;Other Human Causes;Not Human Causes;2;Tombamento;Com Vítimas Fatais;Plena Noite;Crescente;Céu Claro;Simples;Reta;Sim;1213311.0;Motocicleta;HONDA/CG 125 TITAN KS;2004.0;Condutor;Lesões Graves;24.0;Masculino;0.0;0.0;1.0;0.0;-17,291024;-41,518289;SPRF-MG;DEL11-MG;UOP01-DEL11-MG
690304;;10/05/2025;sábado;13:00:00;GO;452.0;192;ITUMBIARA;Sim;Pista esburacada;Not Human Causes;Not Human Causes;2;Tombamento;Com Vítimas Feridas;Pleno dia;Decrescente;Céu Claro;Simples;Reta;Não;1224017.0;Reboque;R/RODOFORTSA RC 4E;2008.0;;;;;;;;;-18,369211;-49,25357;SPRF-GO;DEL03-GO;UOP02-DEL03-GO
694861;1545243.0;31/05/2025;sábado;09:00:00;SC;282.0;582,1;PINHALZINHO;Sim;Pista Escorregadia;Not Human Causes;Not Human Causes;2;Queda de ocupante de veículo;Com Vítimas Feridas;Pleno dia;Decrescente;Céu Claro;Simples;"Interseção de Vias;Rotatória";Sim;1232812.0;Motocicleta;HONDA/CG 160 FAN;2021.0;Condutor;Ileso;21.0;Masculino;1.0;0.0;0.0;0.0;-26,82640527;-53,00463145;SPRF-SC;DEL07-SC;UOP02-DEL07-SC
690179;1534177.0;09/05/2025;sexta-feira;23:00:00;SC;470.0;104;APIUNA;Não;Pista Escorregadia;Not Human Causes;Not Human Causes;2;Colisão com objeto;Com Vítimas Feridas;Plena Noite;Decrescente;Garoa/Chuvisco;Simples;Curva;Não;1223805.0;Automóvel;BMW/320I ACTIVE FLEX;2015.0;Condutor;Lesões Graves;34.0;Masculino;0.0;0.0;1.0;0.0;-27,065;-49,416;SPRF-SC;DEL04-SC;UOP02-DEL04-SC
687676;1528055.0;27/04/2025;domingo;15:00:00;TO;153.0;338;GUARAI;Não;Pista Escorregadia;Not Human Causes;Not Human Causes;1;Colisão frontal;Sem Vítimas;Pleno dia;Decrescente;Céu Claro;Simples;Reta;Sim;1218967.0;Caminhonete;I/TOYOTA HILUX CDSRVA4FD;2025.0;Condutor;Ileso;53.0;Masculino;1.0;0.0;0.0;0.0;-8,86124299;-48,5083285;SPRF-TO;DEL02-TO;UOP02-DEL02-TO
668304;1508136.0;19/03/2025;quarta-feira;19:00:00;MG;40.0;798,6;JUIZ DE FORA;Não;Pista Escorregadia;Not Human Causes;Not Human Causes;1;Colisão com objeto;Com Vítimas Feridas;Plena Noite;Decrescente;Chuva;Dupla;Reta;Não;1203164.0;Automóvel;VW/NOVO FOX CL MA;2014.0;Condutor;Lesões Leves;29.0;Feminino;0.0;1.0;0.0;0.0;-21,81791354;-43,38049829;SPRF-MG;DEL05-MG;UOP01-DEL05-MG
652681;1468145.0;02/01/2025;quinta-feira;01:30:00;PR;153.0;204;TIBAGI;Não;Sinalização mal posicionada;Not Human Causes;Not Human Causes;2;Capotamento;Com Vítimas Feridas;Plena Noite;Crescente;Céu Claro;Simples;"Interseção de Vias;Rotatória";Não;1173292.0;Automóvel;I/NISSAN TIIDA 18S FLEX;2011.0;Passageiro;Lesões Leves;31.0;Masculino;0.0;1.0;0.0;0.0;-24,49947212;-50,44548845;SPRF-PR;DEL03-PR;UOP02-DEL03-PR
672637;1518373.0;09/04/2025;quarta-feira;18:30:00;MT;364.0;1202;CAMPOS DE JULIO;Não;Sistema de drenagem ineficiente;Not Human Causes;Not Human Causes;2;Capotamento;Com Vítimas Feridas;Plena Noite;Crescente;Chuva;Simples;Reta;Não;1211559.0;Caminhonete;VW/NOVA SAVEIRO RB MBVD;2018.0;Passageiro;Ileso;44.0;Feminino;1.0;0.0;0.0;0.0;-13,79264506;-59,38022554;SPRF-MT;DEL04-MT;UOP02-DEL04-MT
689959;1533705.0;09/05/2025;sexta-feira;06:40:00;RS;116.0;413,9;CRISTAL;Não;Sistema de drenagem ineficiente;Not Human Causes;Not Human Causes;1;Saída de leito carroçável;Com Vítimas Feridas;Amanhecer;Decrescente;Chuva;Dupla;Reta;Não;1223429.0;Automóvel;TOYOTA/COROLLA XEI20FLEX;2017.0;Condutor;Lesões Graves;42.0;Masculino;0.0;0.0;1.0;0.0;-30,937654;-51,929929;SPRF-RS;DEL02-RS;UOP02-DEL02-RS
670691;1513666.0;31/03/2025;segunda-feira;07:50:00;GO;60.0;389;RIO VERDE;Sim;Demais falhas mecânicas ou elétricas;Not Human Causes;Other;1;Tombamento;Com Vítimas Feridas;Pleno dia;Crescente;Céu Claro;Dupla;Reta;Sim;1207713.0;Motocicleta;HONDA/CG 160 FAN;2020.0;Condutor;Lesões Leves;66.0;Feminino;0.0;1.0;0.0;0.0;-17,825062;-50,962017;SPRF-GO;DEL04-GO;UOP02-DEL04-GO
653606;1470724.0;06/01/2025;segunda-feira;08:40:00;BA;324.0;610;SIMOES FILHO;Não;Demais falhas mecânicas ou elétricas;Not Human Causes;Other;2;Colisão traseira;Sem Vítimas;Pleno dia;Crescente;Céu Claro;Simples;Reta;Não;1175007.0;Ônibus;MBENZ/MPOLO PARADISO R;2013.0;Condutor;Ileso;39.0;Masculino;1.0;0.0;0.0;0.0;-12,82931703;-38,41113193;SPRF-BA;DEL01-BA;UOP01-DEL01-BA
687817;1528460.0;28/04/2025;segunda-feira;08:45:00;SC;101.0;212,2;PALHOCA;Não;Demais falhas mecânicas ou elétricas;Not Human Causes;Other;1;Colisão traseira;Com Vítimas Feridas;Pleno dia;Crescente;Céu Claro;Múltipla;Reta;Sim;1219197.0;Automóvel;FIAT/PALIO ELX;2001.0;Condutor;Lesões Graves;24.0;Feminino;0.0;0.0;1.0;0.0;-27,63162;-48,66078;SPRF-SC;DEL01-SC;UOP02-DEL01-SC
655846;1477024.0;18/01/2025;sábado;09:30:00;RJ;101.0;250,7;RIO BONITO;Não;Demais falhas mecânicas ou elétricas;Not Human Causes;Other;1;Colisão com objeto;Com Vítimas Feridas;Pleno dia;Crescente;Céu Claro;Dupla;Reta;Não;1179297.0;Caminhão;VW/24.250 CNC 6X2;2011.0;Passageiro;Lesões Graves;27.0;Masculino;0.0;0.0;1.0;0.0;-22,67476921;-42,51607987;SPRF-RJ;DEL02-RJ;UOP03-DEL02-RJ
662866;1494912.0;22/02/2025;sábado;06:50:00;SP;116.0;402;MIRACATU;Sim;Demais falhas mecânicas ou elétricas;Not Human Causes;Other;1;Incêndio;Sem Vítimas;Pleno dia;Crescente;Nublado;Dupla;Reta;Não;1192766.0;Micro-ônibus;RENAULT/M REVESCAP L3H2;2018.0;Condutor;Ileso;29.0;Masculino;1.0;0.0;0.0;0.0;-24,3155;-47,523;SPRF-SP;DEL04-SP;UOP02-DEL04-SP
659236;1486096.0;04/02/2025;terça-feira;13:50:00;RS;290.0;91;PORTO ALEGRE;Sim;Demais falhas mecânicas ou elétricas;Not Human Causes;Other;3;Queda de ocupante de veículo;Com Vítimas Feridas;Pleno dia;Crescente;Céu Claro;Múltipla;Reta;Não;1185767.0;Automóvel;FIAT/PALIO ATTRACTIV 1.0;2013.0;Passageiro;Ileso;36.0;Feminino;1.0;0.0;0.0;0.0;-29,969055;-51,167439;SPRF-RS;DEL01-RS;UOP01-DEL01-RS
653691;1471957.0;07/01/2025;terça-feira;03:00:00;PI;135.0;580;CORRENTE;Não;Demais falhas mecânicas ou elétricas;Not Human Causes;Other;2;Saída de leito carroçável;Com Vítimas Fatais;Plena Noite;Crescente;Nublado;Simples;Reta;Não;1175165.0;Ônibus;MBENZ/MPOLO PARADISO R;2015.0;Passageiro;Lesões Graves;30.0;Feminino;0.0;0.0;1.0;0.0;-10,35204598;-45,16752282;SPRF-PI;DEL03-PI;UOP02-DEL03-PI
659044;;03/02/2025;segunda-feira;10:45:00;RO;364.0;424,5;JARU;Não;Frear bruscamente;Human Causes - Speed;Other;3;Colisão lateral mesmo sentido;Com Vítimas Fatais;Pleno dia;Decrescente;Sol;Múltipla;Reta;Sim;1186066.0;Reboque;R/RANDON RE DL 2E;2021.0;;;;;;;;;-10,44072124;-62,4684535;SPRF-RO;DEL03-RO;UOP02-DEL03-RO
688698;1530747.0;02/05/2025;sexta-feira;17:00:00;GO;60.0;288;ACREUNA;Não;Frear bruscamente;Other Human Causes;Other;2;Tombamento;Com Vítimas Fatais;Pleno dia;Decrescente;Céu Claro;Dupla;Reta;Não;1221140.0;Caminhão;IVECO/VERTIS 90V16;2010.0;Passageiro;Óbito;40.0;Masculino;0.0;0.0;0.0;1.0;-17,296881;-50,269107;SPRF-GO;DEL04-GO;UOP02-DEL04-GO
668515;1508679.0;20/03/2025;quinta-feira;10:00:00;MG;251.0;222,6;SANTA CRUZ DE SALINAS;Não;Mal súbito do condutor;Not Human Causes;Other;2;Saída de leito carroçável;Com Vítimas Feridas;Pleno dia;Crescente;Céu Claro;Simples;"Reta;Aclive";Não;1203529.0;Ônibus;M.BENZ/O 400 RSD PL;1997.0;Passageiro;Ileso;58.0;Feminino;1.0;0.0;0.0;0.0;-15,950094;-41,619169;SPRF-MG;DEL12-MG;UOP02-DEL12-MG
661616;1491965.0;15/02/2025;sábado;19:10:00;MT;163.0;203;RONDONOPOLIS;Não;Problema com o freio;Not Human Causes;Other;1;Colisão com objeto;Com Vítimas Fatais;Plena Noite;Decrescente;Céu Claro;Dupla;"Reta;Viaduto";Sim;1190362.0;Motocicleta;HONDA/CG 150 FAN ESI;2011.0;Condutor;Óbito;27.0;Masculino;0.0;0.0;0.0;1.0;-16,47232462;-54,65507269;SPRF-MT;DEL05-MT;UOP02-DEL05-MT
694534;;29/05/2025;quinta-feira;20:20:00;MT;364.0;348;SANTO ANTONIO DO LEVERGER;Sim;Problema com o freio;Not Human Causes;Other;2;Saída de leito carroçável;Com Vítimas Feridas;Plena Noite;Crescente;Céu Claro;Simples;Reta;Não;1232207.0;Semireboque;REB/RANDON SR GR TR;1995.0;;;;;;;;;-15,79324;-55,570917;SPRF-MT;DEL05-MT;UOP02-DEL05-MT
653691;1472289.0;07/01/2025;terça-feira;03:00:00;PI;135.0;580;CORRENTE;Não;Problema na suspensão;Not Human Causes;Other;1;Colisão com objeto;Com Vítimas Fatais;Plena Noite;Crescente;Nublado;Simples;Reta;Não;1175165.0;Ônibus;MBENZ/MPOLO PARADISO R;2015.0;Passageiro;Não Informado;;Não Informado;0.0;0.0;0.0;0.0;-10,35204598;-45,16752282;SPRF-PI;DEL03-PI;UOP02-DEL03-PI
666049;1502681.0;08/03/2025;sábado;22:20:00;PI;316.0;309,7;PICOS;Não;Acessar a via sem observar a presença dos outros veículos;Other Human Causes;Other Human Causes;2;Tombamento;Com Vítimas Feridas;Plena Noite;Crescente;Céu Claro;Múltipla;"Reta;Interseção de Vias";Sim;1198850.0;Motocicleta;YAMAHA/FACTOR YBR125 K;2011.0;Condutor;Lesões Leves;21.0;Masculino;0.0;1.0;0.0;0.0;-7,077112;-41,478505;SPRF-PI;DEL04-PI;UOP01-DEL04-PI
662449;1493873.0;19/02/2025;quarta-feira;20:30:00;MS;163.0;420;CAMPO GRANDE;Sim;Acessar a via sem observar a presença dos outros veículos;Other Human Causes;Other Human Causes;3;Queda de ocupante de veículo;Com Vítimas Feridas;Pleno dia;Decrescente;Céu Claro;Simples;"Interseção de Vias;Rotatória";Sim;1191897.0;Automóvel;FIAT/PALIO FIRE ECONOMY;2012.0;Condutor;Ileso;58.0;Masculino;1.0;0.0;0.0;0.0;-20,99104704;-54,50658928;SPRF-MS;DEL01-MS;UOP01-DEL01-MS
686858;1525992.0;23/04/2025;quarta-feira;10:30:00;PE;101.0;69;RECIFE;Sim;Acessar a via sem observar a presença dos outros veículos;Other Human Causes;Other Human Causes;2;Tombamento;Sem Vítimas;Pleno dia;Crescente;Céu Claro;Múltipla;Reta;Sim;1217406.0;Caminhão-trator;SCANIA/R114 GA4X2NZ 360;1998.0;Condutor;Ileso;47.0;Masculino;1.0;0.0;0.0;0.0;-8,06237399;-34,94508505;SPRF-PE;DEL01-PE;UOP01-DEL01-PE
659481;1486552.0;05/02/2025;quarta-feira;18:30:00;RS;116.0;264;CANOAS;Sim;Acessar a via sem observar a presença dos outros veículos;Other Human Causes;Other Human Causes;3;Queda de ocupante de veículo;Com Vítimas Feridas;Anoitecer;Decrescente;Céu Claro;Dupla;Reta;Sim;1186222.0;Automóvel;HONDA/FIT EX FLEX;2013.0;Condutor;Ileso;77.0;Masculino;1.0;0.0;0.0;0.0;-29,914435;-51,17754495;SPRF-RS;DEL01-RS;UOP01-DEL01-RS
667973;1507412.0;18/03/2025;terça-feira;06:00:00;SP;116.0;413;JUQUIA;Sim;Acessar a via sem observar a presença dos outros veículos;Other Human Causes;Other Human Causes;1;Atropelamento de Pedestre;Com Vítimas Fatais;Amanhecer;Crescente;Nublado;Dupla;Reta;Não;1202517.0;Caminhão;Não Informado/Não Informado;0.0;Condutor;Óbito;;Masculino;0.0;0.0;0.0;1.0;-24,32741023;-47,6280365;SPRF-SP;DEL05-SP;UOP01-DEL05-SP
670020;1513656.0;27/03/2025;quinta-feira;19:00:00;SC;470.0;67;INDAIAL;Sim;Acessar a via sem observar a presença dos outros veículos;Other Human Causes;Other Human Causes;1;Colisão transversal;Com Vítimas Feridas;Plena Noite;Decrescente;Nevoeiro/Neblina;Simples;"Reta;Rotatória";Não;1207699.0;Caminhão;VW/9.150 E DELIVERY;2011.0;Condutor;Ileso;53.0;Masculino;1.0;0.0;0.0;0.0;-26,87015722;-49,22658741;SPRF-SC;DEL04-SC;UOP01-DEL04-SC
657307;1480828.0;25/01/2025;sábado;17:25:00;SP;101.0;50;UBATUBA;Sim;Acessar a via sem observar a presença dos outros veículos;Other Human Causes;Other Human Causes;2;Tombamento;Com Vítimas Feridas;Pleno dia;Decrescente;Céu Claro;Simples;Reta;Sim;1182058.0;Motocicleta;HONDA/CG 160 START;2019.0;Condutor;Ileso;25.0;Masculino;1.0;0.0;0.0;0.0;-23,45018939;-45,07743735;SPRF-SP;DEL06-SP;UOP01-DEL06-SP
688695;1530633.0;02/05/2025;sexta-feira;17:00:00;MA;10.0;132;ESTREITO;Sim;Acessar a via sem observar a presença dos outros veículos;Other Human Causes;Other Human Causes;3;Saída de leito carroçável;Com Vítimas Feridas;Pleno dia;Decrescente;Céu Claro;Simples;"Declive;Reta";Sim;1221027.0;Caminhonete;I/FORD RANGER XLS CD2 25;2013.0;Passageiro;Lesões Leves;12.0;Feminino;0.0;1.0;0.0;0.0;-6,542218;-47,420607;SPRF-MA;DEL04-MA;UOP02-DEL04-MA
655993;1477442.0;19/01/2025;domingo;08:40:00;RS;116.0;235;NOVO HAMBURGO;Não;Acessar a via sem observar a presença dos outros veículos;Other Human Causes;Other Human Causes;2;Queda de ocupante de veículo;Com Vítimas Feridas;Pleno dia;Crescente;Céu Claro;Dupla;"Reta;Viaduto";Sim;;;NA/NA;;Testemunha;Não Informado;;Não Informado;0.0;0.0;0.0;0.0;-29,66972659;-51,14309864;SPRF-RS;DEL01-RS;UOP02-DEL01-RS
689807;1533340.0;08/05/2025;quinta-feira;12:20:00;SC;101.0;207;SAO JOSE;Sim;Acessar a via sem observar a presença dos outros veículos;Other Human Causes;Other Human Causes;2;Tombamento;Com Vítimas Feridas;Pleno dia;Decrescente;Céu Claro;Múltipla;Reta;Sim;1223106.0;Automóvel;CITROEN/C3 EXCL 16 16V;2005.0;Condutor;Ileso;42.0;Masculino;1.0;0.0;0.0;0.0;-27,59502;-48,618978;SPRF-SC;DEL01-SC;UOP01-DEL01-SC
665764;1501995.0;07/03/2025;sexta-feira;12:30:00;PR;277.0;175;PALMEIRA;Sim;Acessar a via sem observar a presença dos outros veículos;Other Human Causes;Other Human Causes;2;Tombamento;Com Vítimas Feridas;Pleno dia;Decrescente;Céu Claro;Dupla;Rotatória;Sim;1198313.0;Motocicleta;YAMAHA/YBR 125K;2006.0;Passageiro;Lesões Leves;22.0;Feminino;0.0;1.0;0.0;0.0;-25,43496619;-49,98596722;SPRF-PR;DEL08-PR;UOP02-DEL08-PR
693232;1541440.0;23/05/2025;sexta-feira;17:00:00;BA;324.0;4;FEIRA DE SANTANA;Não;Acessar a via sem observar a presença dos outros veículos;Other Human Causes;Other Human Causes;3;Queda de ocupante de veículo;Com Vítimas Feridas;Anoitecer;Crescente;Céu Claro;Dupla;Reta;Sim;1229747.0;Utilitário;I/BYD SONG PRO GS DM;2024.0;Condutor;Ileso;36.0;Masculino;1.0;0.0;0.0;0.0;-12,28498708;-38,96997821;SPRF-BA;DEL02-BA;UOP01-DEL02-BA
662966;1495150.0;22/02/2025;sábado;17:30:00;GO;40.0;4,8;VALPARAISO DE GOIAS;Sim;Acessar a via sem observar a presença dos outros veículos;Other Human Causes;Other Human Causes;1;Colisão transversal;Com Vítimas Feridas;Pleno dia;Crescente;Sol;Múltipla;Retorno Regulamentado;Sim;1192935.0;Motocicleta;YAMAHA/FACTOR YBR125 K;2012.0;Condutor;Lesões Leves;44.0;Masculino;0.0;1.0;0.0;0.0;-16,093446;-47,98216;SPRF-DF;DEL01-DF;UOP01-DEL01-DF
658661;1484388.0;01/02/2025;sábado;14:45:00;RO;364.0;18;VILHENA;Não;Acessar a via sem observar a presença dos outros veículos;Other Human Causes;Other Human Causes;3;Queda de ocupante de veículo;Com Vítimas Feridas;Pleno dia;Decrescente;Chuva;Simples;Reta;Não;1184683.0;Caminhão;VW/30.330 CRC 8X2;2016.0;Condutor;Ileso;26.0;Masculino;1.0;0.0;0.0;0.0;-12,72972661;-60,17479789;SPRF-RO;DEL04-RO;UOP01-DEL04-RO
664108;1497906.0;27/02/2025;quinta-feira;22:00:00;MG;381.0;451;SANTA LUZIA;Sim;Acessar a via sem observar a presença dos outros veículos;Other Human Causes;Other Human Causes;1;Atropelamento de Pedestre;Com Vítimas Feridas;Plena Noite;Decrescente;Céu Claro;Simples;Reta;Não;1195160.0;Camioneta;FORD/ECOSPORT SE AT 2.0;2015.0;Condutor;Ileso;59.0;Feminino;1.0;0.0;0.0;0.0;-19,82291187;-43,84368896;SPRF-MG;DEL01-MG;UOP01-DEL01-MG
671865;1517906.0;05/04/2025;sábado;19:45:00;RO;364.0;305;PRESIDENTE MEDICI;Sim;Acessar a via sem observar a presença dos outros veículos;Other Human Causes;Other Human Causes;1;Colisão lateral sentido oposto;Com Vítimas Feridas;Plena Noite;Crescente;Céu Claro;Dupla;Reta;Sim;1211182.0;Motocicleta;HONDA/NXR150 BROS ES;2010.0;Condutor;Lesões Graves;36.0;Masculino;0.0;0.0;1.0;0.0;-11,19594339;-61,90140367;SPRF-RO;DEL02-RO;UOP01-DEL02-RO
658826;1484931.0;02/02/2025;domingo;14:20:00;DF;70.0;11;BRASILIA;Sim;Acessar a via sem observar a presença dos outros veículos;Other Human Causes;Other Human Causes;1;Colisão lateral mesmo sentido;Com Vítimas Feridas;Pleno dia;Decrescente;Céu Claro;Múltipla;Reta;Sim;1185049.0;Motocicleta;HONDA/CG 160 TITAN;2024.0;Condutor;Ileso;45.0;Feminino;1.0;0.0;0.0;0.0;-15,789762;-48,148727;SPRF-DF;DEL03-DF;UOP02-DEL03-DF
686520;1525304.0;21/04/2025;segunda-feira;16:00:00;MG;40.0;686,6;RESSAQUINHA;Não;Acessar a via sem observar a presença dos outros veículos;Other Human Causes;Other Human Causes;1;Colisão traseira;Com Vítimas Feridas;Pleno dia;Crescente;Céu Claro;Simples;Reta;Não;1216859.0;Automóvel;VW/FOX CL MBV;2017.0;Condutor;Lesões Leves;28.0;Feminino;0.0;1.0;0.0;0.0;-21,0944566;-43,76972166;SPRF-MG;DEL05-MG;UOP02-DEL05-MG
662409;1493751.0;19/02/2025;quarta-feira;17:00:00;PI;343.0;3;TERESINA;Não;Acessar a via sem observar a presença dos outros veículos;Other Human Causes;Other Human Causes;2;Queda de ocupante de veículo;Com Vítimas Feridas;Anoitecer;Decrescente;Nublado;Múltipla;Rotatória;Sim;1191793.0;Automóvel;RENAULT/SANDERO AUTH 10;2016.0;Condutor;Ileso;37.0;Feminino;1.0;0.0;0.0;0.0;-5,080906;-42,775267;SPRF-PI;DEL05-PI;UOP01-DEL05-PI
670265;1512787.0;29/03/2025;sábado;08:10:00;PE;101.0;42;IGARASSU;Sim;Acesso irregular;Other Human Causes;Other Human Causes;1;Colisão lateral mesmo sentido;Sem Vítimas;Pleno dia;Decrescente;Céu Claro;Simples;Reta;Sim;1207006.0;Camioneta;RENAULT/DUSTER INT 16;2023.0;Condutor;Ileso;35.0;Masculino;1.0;0.0;0.0;0.0;-7,844329;-34,910497;SPRF-PE;DEL01-PE;UOP02-DEL01-PE
688306;1529604.0;30/04/2025;quarta-feira;17:45:00;PB;230.0;12,1;CABEDELO;Sim;Acesso irregular;Other Human Causes;Other Human Causes;2;Tombamento;Com Vítimas Feridas;Plena Noite;Decrescente;Céu Claro;Dupla;"Reta;Retorno Regulamentado";Sim;1220235.0;Motocicleta;YAMAHA/FACTOR YBR125 K;2011.0;Condutor;Lesões Leves;42.0;Masculino;0.0;1.0;0.0;0.0;-7,07295639;-34,84951168;SPRF-PB;DEL01-PB;UOP01-DEL01-PB
685674;1523151.0;18/04/2025;sexta-feira;07:35:00;SC;470.0;87;ASCURRA;Sim;Acesso irregular;Other Human Causes;Other Human Causes;1;Colisão transversal;Com Vítimas Feridas;Pleno dia;Decrescente;Céu Claro;Simples;Reta;Sim;1215356.0;Automóvel;RENAULT/SANDERO SW1616VA;2012.0;Condutor;Ileso;60.0;Masculino;1.0;0.0;0.0;0.0;-26,94984639;-49,36839581;SPRF-SC;DEL04-SC;UOP01-DEL04-SC
659974;1491681.0;08/02/2025;sábado;06:00:00;SC;101.0;30,2;JOINVILLE;Sim;Ausência de reação do condutor;Other Human Causes;Other Human Causes;1;Colisão traseira;Com Vítimas Feridas;Amanhecer;Decrescente;Nublado;Dupla;"Aclive;Reta;Viaduto";Sim;1187170.0;Caminhonete;GM/S10 EXECUTIVE D;2010.0;Condutor;Ileso;65.0;Masculino;1.0;0.0;0.0;0.0;-26,229562;-48,916604;SPRF-SC;DEL03-SC;UOP01-DEL03-SC
667972;;08/03/2025;sábado;21:00:00;PA;230.0;1118;ITAITUBA;Sim;Ausência de reação do condutor;Other Human Causes;Other Human Causes;1;Colisão traseira;Com Vítimas Feridas;Plena Noite;Decrescente;Chuva;Simples;"Reta;Declive";Não;1202512.0;Reboque;R/GUERRA AG DL;2013.0;;;;;;;;;-4,35698041;-55,80607483;SPRF-PA;DEL06-PA;UOP01-DEL06-PA
671934;1516715.0;06/04/2025;domingo;09:00:00;MG;381.0;588,8;CARMOPOLIS DE MINAS;Sim;Ausência de reação do condutor;Other Human Causes;Other Human Causes;3;Queda de ocupante de veículo;Com Vítimas Feridas;Pleno dia;Crescente;Nublado;Dupla;Reta;Não;1210186.0;Motocicleta;JTA-SUZUKI/GSR750 ZA;2015.0;Condutor;Lesões Leves;36.0;Masculino;0.0;1.0;0.0;0.0;-20,53921668;-44,64108825;SPRF-MG;DEL04-MG;UOP01-DEL04-MG
655421;1475703.0;16/01/2025;quinta-feira;11:15:00;SP;116.0;52,8;LORENA;Sim;Ausência de reação do condutor;Other Human Causes;Other Human Causes;1;Colisão traseira;Com Vítimas Feridas;Pleno dia;Crescente;Céu Claro;Dupla;Reta;Sim;1178485.0;Automóvel;FIAT/SIENA 1.4 TETRAFUEL;2007.0;Condutor;Lesões Graves;29.0;Masculino;0.0;0.0;1.0;0.0;-22,74708138;-45,09973038;SPRF-SP;DEL08-SP;UOP02-DEL08-SP
666375;1504304.0;08/03/2025;sábado;15:20:00;SC;282.0;527;CORDILHEIRA ALTA;Sim;Ausência de reação do condutor;Other Human Causes;Other Human Causes;1;Colisão frontal;Com Vítimas Feridas;Pleno dia;Crescente;Céu Claro;Simples;Curva;Não;1199438.0;Camioneta;FORD/ECOSPORT XLT1.6FLEX;2008.0;Passageiro;Lesões Graves;33.0;Feminino;0.0;0.0;1.0;0.0;-26,97810081;-52,58812839;SPRF-SC;DEL07-SC;UOP01-DEL07-SC
653951;1471674.0;08/01/2025;quarta-feira;22:30:00;RS;158.0;333;SANTA MARIA;Não;Ausência de reação do condutor;Other Human Causes;Other Human Causes;2;Tombamento;Com Vítimas Fatais;Plena Noite;Crescente;Céu Claro;Simples;Reta;Sim;1175672.0;Motocicleta;HONDA/CG150 TITAN MIX KS;2009.0;Condutor;Lesões Graves;25.0;Masculino;0.0;0.0;1.0;0.0;-29,70846948;-53,86426102;SPRF-RS;DEL09-RS;UOP01-DEL09-RS
653133;1469438.0;04/01/2025;sábado;12:00:00;SC;101.0;353,4;JAGUARUNA;Sim;Ausência de reação do condutor;Other Human Causes;Other Human Causes;4;Capotamento;Com Vítimas Feridas;Pleno dia;Decrescente;Céu Claro;Dupla;Reta;Não;1174142.0;Automóvel;VW/T CROSS TSI;2020.0;Condutor;Lesões Leves;50.0;Masculino;0.0;1.0;0.0;0.0;-28,61232036;-49,06197674;SPRF-SC;DEL02-SC;UOP01-DEL02-SC
690857;1535808.0;12/05/2025;segunda-feira;17:00:00;MG;40.0;548;NOVA LIMA;Sim;Ausência de reação do condutor;Other Human Causes;Other Human Causes;1;Colisão traseira;Com Vítimas Feridas;Pleno dia;Crescente;Céu Claro;Dupla;"Reta;Aclive";Não;1225104.0;Caminhão-trator;M.BENZ/AXOR 2544 S;2019.0;Condutor;Ileso;59.0;Masculino;1.0;0.0;0.0;0.0;-20,034164;-43,968673;SPRF-MG;DEL01-MG;UOP02-DEL01-MG
672728;;10/04/2025;quinta-feira;10:15:00;MG;50.0;192,5;DELTA;Sim;Ausência de reação do condutor;Other Human Causes;Other Human Causes;1;Colisão traseira;Com Vítimas Feridas;Pleno dia;Crescente;Céu Claro;Dupla;Reta;Não;1211841.0;Reboque;R/FACCHINI RE DL;2021.0;;;;;;;;;-19,92300385;-47,82443047;SPRF-MG;DEL13-MG;UOP01-DEL13-MG
664740;1499435.0;02/03/2025;domingo;11:45:00;RJ;465.0;20;NOVA IGUACU;Sim;Ausência de reação do condutor;Other Human Causes;Other Human Causes;3;Tombamento;Com Vítimas Feridas;Pleno dia;Decrescente;Sol;Simples;Reta;Sim;1196396.0;Motocicleta;HONDA/CBX 250 TWISTER;2008.0;Passageiro;Lesões Leves;39.0;Feminino;0.0;1.0;0.0;0.0;-22,84750572;-43,6046505;SPRF-RJ;DEL06-RJ;UOP02-DEL06-RJ
686911;1526221.0;23/04/2025;quarta-feira;17:00:00;PR;153.0;1;JACAREZINHO;Sim;Ausência de reação do condutor;Other Human Causes;Other Human Causes;2;Queda de ocupante de veículo;Com Vítimas Feridas;Pleno dia;Decrescente;Céu Claro;Simples;Reta;Não;1217573.0;Motocicleta;HONDA/CG 150 TITAN ES;2008.0;Condutor;Lesões Graves;32.0;Masculino;0.0;0.0;1.0;0.0;-23,009351;-49,906467;SPRF-PR;DEL07-PR;UOP04-DEL07-PR
661293;1491245.0;14/02/2025;sexta-feira;11:20:00;SC;101.0;123;ITAJAI;Sim;Ausência de reação do condutor;Other Human Causes;Other Human Causes;1;Engavetamento;Sem Vítimas;Pleno dia;Decrescente;Céu Claro;Dupla;Reta;Não;1189782.0;Automóvel;Não Informado/Não Informado;0.0;Condutor;Não Informado;;Não Informado;0.0;0.0;0.0;0.0;-26,93668609;-48,69876905;SPRF-SC;DEL04-SC;UOP04-DEL04-SC
665425;;06/03/2025;quinta-feira;01:50:00;SP;116.0;78;ROSEIRA;Não;Ausência de reação do condutor;Other Human Causes;Other Human Causes;1;Colisão com objeto;Com Vítimas Feridas;Plena Noite;Decrescente;Céu Claro;Dupla;Reta;Sim;1197954.0;Semireboque;SR/RANDON SR CA;2013.0;;;;;;;;;-22,89123899;-45,29036468;SPRF-SP;DEL08-SP;UOP01-DEL08-SP
693261;;23/05/2025;sexta-feira;12:00:00;MT;163.0;666;LUCAS DO RIO VERDE;Não;Ausência de reação do condutor;Other Human Causes;Other Human Causes;4;Tombamento;Com Vítimas Fatais;Pleno dia;Crescente;Céu Claro;Simples;Reta;Não;1229737.0;Semireboque;SR/NOMA SRT3E27 CL;2016.0;;;;;;;;;-13,24756925;-56,01463079;SPRF-MT;DEL06-MT;UOP01-DEL06-MT
664841;1499742.0;02/03/2025;domingo;19:45:00;MG;365.0;462;PATROCINIO;Não;Ausência de reação do condutor;Other Human Causes;Other Human Causes;2;Capotamento;Com Vítimas Feridas;Plena Noite;Crescente;Céu Claro;Simples;Reta;Não;1196613.0;Automóvel;VW/GOL 1.6 RALLYE;2005.0;Condutor;Lesões Leves;35.0;Masculino;0.0;1.0;0.0;0.0;-18,878399;-46,914625;SPRF-MG;DEL10-MG;UOP01-DEL10-MG
668515;1508687.0;20/03/2025;quinta-feira;10:00:00;MG;251.0;222,6;SANTA CRUZ DE SALINAS;Sim;Ausência de reação do condutor;Other Human Causes;Other Human Causes;3;Colisão com objeto;Com Vítimas Feridas;Pleno dia;Crescente;Céu Claro;Simples;"Reta;Aclive";Não;1203529.0;Ônibus;M.BENZ/O 400 RSD PL;1997.0;Passageiro;Ileso;30.0;Masculino;1.0;0.0;0.0;0.0;-15,950094;-41,619169;SPRF-MG;DEL12-MG;UOP02-DEL12-MG
652482;1467725.0;01/01/2025;quarta-feira;04:00:00;PR;376.0;141,9;NOVA ESPERANCA;Não;Ausência de reação do condutor;Other Human Causes;Other Human Causes;1;Colisão traseira;Com Vítimas Feridas;Plena Noite;Decrescente;Céu Claro;Dupla;"Declive;Reta";Não;1172997.0;Automóvel;HYUNDAI/HB20 10M COMFORT;2024.0;Condutor;Ileso;30.0;Masculino;1.0;0.0;0.0;0.0;-23,24847;-52,168648;SPRF-PR;DEL09-PR;UOP02-DEL09-PR
659148;1485635.0;03/02/2025;segunda-feira;23:50:00;SC;101.0;211;PALHOCA;Sim;Ausência de reação do condutor;Other Human Causes;Other Human Causes;1;Colisão com objeto;Com Vítimas Feridas;Plena Noite;Decrescente;Nublado;Múltipla;Reta;Sim;1185565.0;Motocicleta;HONDA/CG 150 TITAN KS;2009.0;Condutor;Lesões Graves;25.0;Masculino;0.0;0.0;1.0;0.0;-27,62329313;-48,65245588;SPRF-SC;DEL01-SC;UOP02-DEL01-SC
658412;1483774.0;31/01/2025;sexta-feira;11:30:00;RJ;465.0;6;SEROPEDICA;Não;Ausência de reação do condutor;Other Human Causes;Other Human Causes;2;Queda de ocupante de veículo;Com Vítimas Feridas;Pleno dia;Decrescente;Nublado;Dupla;"Retorno Regulamentado;Reta";Não;1184204.0;Motocicleta;HONDA/CG 160 START;2024.0;Passageiro;Lesões Graves;43.0;Feminino;0.0;0.0;1.0;0.0;-22,754314;-43,692879;SPRF-RJ;DEL06-RJ;UOP02-DEL06-RJ
670620;1513548.0;30/03/2025;domingo;20:45:00;SP;153.0;66;SAO JOSE DO RIO PRETO;Sim;Ausência de reação do condutor;Other Human Causes;Other Human Causes;1;Colisão com objeto;Sem Vítimas;Plena Noite;Decrescente;Céu Claro;Dupla;Curva;Não;1207575.0;Motocicleta;YAMAHA/XTZ250 LANDER;2018.0;Condutor;Não Informado;;Não Informado;0.0;0.0;0.0;0.0;-20,84946857;-49,37678576;SPRF-SP;DEL09-SP;UOP01-DEL09-SP
664302;1500317.0;28/02/2025;sexta-feira;17:30:00;PA;155.0;239;ELDORADO DO CARAJAS;Sim;Ausência de reação do condutor;Other Human Causes;Other Human Causes;1;Colisão traseira;Com Vítimas Feridas;Anoitecer;Crescente;Garoa/Chuvisco;Simples;Reta;Não;1197041.0;Caminhão;VW/11.180 DRC 4X2;2022.0;Condutor;Lesões Graves;32.0;Masculino;0.0;0.0;1.0;0.0;-6,196067;-49,368835;SPRF-PA;DEL03-PA;UOP01-DEL03-PA
689642;1532938.0;07/05/2025;quarta-feira;14:20:00;RJ;101.0;321;NITEROI;Não;Ausência de reação do condutor;Other Human Causes;Other Human Causes;3;Queda de ocupante de veículo;Com Vítimas Feridas;Pleno dia;Crescente;Céu Claro;Múltipla;Reta;Sim;1222768.0;Automóvel;TOYOTA/COROLLA XEI 20;2024.0;Condutor;Ileso;36.0;Masculino;1.0;0.0;0.0;0.0;-22,87059624;-43,11039716;SPRF-RJ;DEL02-RJ;UOP01-DEL02-RJ
663822;1497152.0;26/02/2025;quarta-feira;10:00:00;RJ;101.0;286;ITABORAI;Sim;Avarias e/ou desgaste excessivo no pneu;Not Human Causes;Other Human Causes;2;Tombamento;Com Vítimas Feridas;Pleno dia;Decrescente;Céu Claro;Múltipla;Reta;Não;1194571.0;Automóvel;VW/VOYAGE 1.6;2012.0;Condutor;Lesões Leves;45.0;Masculino;0.0;1.0;0.0;0.0;-22,75917478;-42,8403643;SPRF-RJ;DEL02-RJ;UOP02-DEL02-RJ
673134;1519609.0;12/04/2025;sábado;08:30:00;RS;116.0;143,7;CAXIAS DO SUL;Não;Avarias e/ou desgaste excessivo no pneu;Not Human Causes;Other Human Causes;5;Queda de ocupante de veículo;Com Vítimas Feridas;Pleno dia;Decrescente;Céu Claro;Dupla;Curva;Sim;1212581.0;Automóvel;VW/UP HIGH MA;2014.0;Condutor;Ileso;60.0;Masculino;1.0;0.0;0.0;0.0;-29,12564556;-51,12740809;SPRF-RS;DEL05-RS;UOP01-DEL05-RS
653912;1471584.0;08/01/2025;quarta-feira;18:45:00;MG;40.0;667,9;CARANDAI;Não;Avarias e/ou desgaste excessivo no pneu;Not Human Causes;Other Human Causes;2;Colisão com objeto;Com Vítimas Feridas;Plena Noite;Decrescente;Chuva;Simples;Curva;Sim;1175602.0;Automóvel;HONDA/FIT LX CVT;2014.0;Condutor;Lesões Leves;34.0;Feminino;0.0;1.0;0.0;0.0;-20,94645319;-43,79932806;SPRF-MG;DEL05-MG;UOP02-DEL05-MG
672623;1518478.0;09/04/2025;quarta-feira;19:15:00;RS;285.0;480,1;CORONEL BARROS;Não;Carga excessiva e/ou mal acondicionada;Other Human Causes;Other Human Causes;3;Derramamento de carga;Com Vítimas Feridas;Plena Noite;Crescente;Céu Claro;Simples;"Curva;Declive";Não;1211644.0;Caminhão-trator;SCANIA/T124 GA4X2NZ 360;1998.0;Condutor;Lesões Leves;65.0;Masculino;0.0;1.0;0.0;0.0;-28,37197;-54,105362;SPRF-RS;DEL10-RS;UOP01-DEL10-RS
665632;1501677.0;07/03/2025;sexta-feira;00:10:00;MG;267.0;21,5;ARGIRITA;Não;Carga excessiva e/ou mal acondicionada;Other Human Causes;Other Human Causes;2;Colisão transversal;Com Vítimas Feridas;Plena Noite;Crescente;Nublado;Simples;"Declive;Curva";Não;1198068.0;Caminhão;M.BENZ/L 1519;1979.0;Condutor;Lesões Leves;62.0;Masculino;0.0;1.0;0.0;0.0;-21,59274447;-42,78538272;SPRF-MG;DEL07-MG;UOP01-DEL07-MG
656535;1478851.0;13/01/2025;segunda-feira;17:20:00;RS;448.0;14;CANOAS;Sim;Condutor deixou de manter distância do veículo da frente;Other Human Causes;Other Human Causes;1;Colisão traseira;Com Vítimas Feridas;Pleno dia;Decrescente;Céu Claro;Múltipla;Reta;Não;1180561.0;Caminhonete;I/VW AMAROK CD 4X4 HIGH;2015.0;Passageiro;Ileso;57.0;Feminino;1.0;0.0;0.0;0.0;-29,924847;-51,225426;SPRF-RS;DEL01-RS;UOP01-DEL01-RS
667318;1506326.0;14/03/2025;sexta-feira;18:20:00;MA;135.0;132,2;MATOES DO NORTE;Não;Condutor deixou de manter distância do veículo da frente;Other Human Causes;Other Human Causes;3;Tombamento;Com Vítimas Fatais;Anoitecer;Crescente;Nublado;Simples;"Em Obras;Reta;Desvio Temporário";Não;1201710.0;Motocicleta;Não Informado/Não Informado;0.0;Condutor;Não Informado;;Não Informado;0.0;0.0;0.0;0.0;-3,610583;-44,562365;SPRF-MA;DEL01-MA;UOP02-DEL01-MA
664962;1499993.0;03/03/2025;segunda-feira;13:35:00;SC;101.0;29,1;JOINVILLE;Sim;Condutor deixou de manter distância do veículo da frente;Other Human Causes;Other Human Causes;3;Colisão traseira;Com Vítimas Feridas;Pleno dia;Decrescente;Céu Claro;Dupla;"Reta;Declive";Não;1196802.0;Motocicleta;HONDA/CG 160 START;2024.0;Condutor;Lesões Leves;24.0;Masculino;0.0;1.0;0.0;0.0;-26,22028382;-48,91612709;SPRF-SC;DEL03-SC;UOP01-DEL03-SC
673062;1519533.0;11/04/2025;sexta-feira;22:30:00;PR;277.0;123,3;CAMPO LARGO;Não;Condutor deixou de manter distância do veículo da frente;Other Human Causes;Other Human Causes;1;Colisão traseira;Com Vítimas Fatais;Plena Noite;Crescente;Céu Claro;Dupla;Reta;Não;1212511.0;Automóvel;CHEV/PRISMA 10MT JOYE;2019.0;Condutor;Ileso;43.0;Feminino;1.0;0.0;0.0;0.0;-25,43847;-49,512583;SPRF-PR;DEL03-PR;UOP03-DEL03-PR
665428;1501124.0;06/03/2025;quinta-feira;04:15:00;SC;101.0;149,4;ITAPEMA;Sim;Condutor deixou de manter distância do veículo da frente;Other Human Causes;Other Human Causes;2;Colisão com objeto;Com Vítimas Feridas;Plena Noite;Crescente;Nublado;Dupla;Reta;Sim;1197650.0;Automóvel;VW/GOL 1.0L MC4;2020.0;Condutor;Lesões Leves;58.0;Masculino;0.0;1.0;0.0;0.0;-27,11161509;-48,61117601;SPRF-SC;DEL04-SC;UOP03-DEL04-SC
670869;1514189.0;01/04/2025;terça-feira;07:40:00;PR;277.0;74,6;SAO JOSE DOS PINHAIS;Sim;Condutor deixou de manter distância do veículo da frente;Other Human Causes;Other Human Causes;1;Colisão traseira;Com Vítimas Feridas;Pleno dia;Crescente;Céu Claro;Múltipla;"Viaduto;Reta";Sim;1208161.0;Motocicleta;HONDA/CG 160 FAN;2024.0;Condutor;Lesões Leves;46.0;Masculino;0.0;1.0;0.0;0.0;-25,495101;-49,164718;SPRF-PR;DEL01-PR;UOP07-DEL01-PR
691021;1536108.0;05/05/2025;segunda-feira;08:30:00;PE;428.0;116;SANTA MARIA DA BOA VISTA;Não;Condutor deixou de manter distância do veículo da frente;Other Human Causes;Other Human Causes;4;Capotamento;Com Vítimas Feridas;Pleno dia;Decrescente;Nublado;Simples;Reta;Não;1225387.0;Micro-ônibus;FIAT/DUCATO MINIBUS;2013.0;Passageiro;Lesões Graves;33.0;Feminino;0.0;0.0;1.0;0.0;-8,914406;-40,069297;SPRF-PE;DEL06-PE;UOP03-DEL06-PE
671044;1516226.0;02/04/2025;quarta-feira;07:15:00;GO;60.0;12;SANTO ANTONIO DO DESCOBERTO;Não;Condutor deixou de manter distância do veículo da frente;Other Human Causes;Other Human Causes;4;Saída de leito carroçável;Com Vítimas Feridas;Pleno dia;Decrescente;Céu Claro;Dupla;Reta;Não;1209836.0;Automóvel;VW/POLO HL AD;2018.0;Condutor;Ileso;29.0;Feminino;1.0;0.0;0.0;0.0;-16,114528;-48,334647;SPRF-DF;DEL03-DF;UOP01-DEL03-DF
685427;1522118.0;11/02/2025;terça-feira;16:00:00;SC;101.0;334;TUBARAO;Não;Condutor deixou de manter distância do veículo da frente;Other Human Causes;Other Human Causes;1;Colisão traseira;Com Vítimas Feridas;Pleno dia;Decrescente;Céu Claro;Múltipla;Reta;Sim;1214623.0;Motocicleta;HONDA/CG 160 FAN;2019.0;Condutor;Lesões Leves;33.0;Masculino;0.0;1.0;0.0;0.0;-28,46730446;-49,00604302;SPRF-SC;DEL02-SC;UOP01-DEL02-SC
659225;1485844.0;04/02/2025;terça-feira;12:45:00;SC;101.0;118;ITAJAI;Sim;Condutor deixou de manter distância do veículo da frente;Other Human Causes;Other Human Causes;1;Colisão lateral mesmo sentido;Com Vítimas Feridas;Pleno dia;Crescente;Céu Claro;Dupla;Reta;Sim;1185710.0;Automóvel;CHEV/ONIX PLUS 10TAT PR2;2024.0;Condutor;Ileso;75.0;Masculino;1.0;0.0;0.0;0.0;-26,895859;-48,71903;SPRF-SC;DEL04-SC;UOP04-DEL04-SC
654300;1472636.0;10/01/2025;sexta-feira;19:50:00;MG;40.0;738,2;SANTOS DUMONT;Sim;Condutor deixou de manter distância do veículo da frente;Other Human Causes;Other Human Causes;3;Queda de ocupante de veículo;Com Vítimas Feridas;Plena Noite;Decrescente;Nublado;Simples;Reta;Sim;1176330.0;Automóvel;FORD/KA SE 1.0 HA B;2017.0;Condutor;Ileso;39.0;Feminino;1.0;0.0;0.0;0.0;-21,38880304;-43,56910622;SPRF-MG;DEL05-MG;UOP01-DEL05-MG
690633;1535264.0;11/05/2025;domingo;18:20:00;RS;470.0;224;BENTO GONCALVES;Não;Condutor deixou de manter distância do veículo da frente;Other Human Causes;Other Human Causes;2;Colisão lateral mesmo sentido;Sem Vítimas;Anoitecer;Crescente;Céu Claro;Simples;"Reta;Interseção de Vias";Não;1224688.0;Automóvel;GM/CHEVETTE DL;1991.0;Passageiro;Ileso;27.0;Feminino;1.0;0.0;0.0;0.0;-29,1768471;-51,5209654;SPRF-RS;DEL06-RS;UOP01-DEL06-RS
691859;1538557.0;17/05/2025;sábado;08:30:00;MT;364.0;177;PEDRA PRETA;Não;Condutor deixou de manter distância do veículo da frente;Other Human Causes;Other Human Causes;1;Colisão traseira;Com Vítimas Feridas;Pleno dia;Decrescente;Céu Claro;Simples;"Reta;Declive";Sim;1227039.0;Ônibus;MBENZ/MPOLO PARADISO R;2001.0;Passageiro;Ileso;17.0;Masculino;1.0;0.0;0.0;0.0;-16,60955;-54,46779;SPRF-MT;DEL02-MT;UOP01-DEL02-MT
665797;1502232.0;07/03/2025;sexta-feira;19:45:00;PR;116.0;146;MANDIRITUBA;Não;Condutor deixou de manter distância do veículo da frente;Other Human Causes;Other Human Causes;2;Colisão lateral mesmo sentido;Com Vítimas Feridas;Plena Noite;Crescente;Céu Claro;Simples;Reta;Não;1198500.0;Ônibus;MERCEDES BENZ/;1973.0;Passageiro;Lesões Leves;61.0;Feminino;0.0;1.0;0.0;0.0;-25,820747;-49,334195;SPRF-PR;DEL01-PR;UOP03-DEL01-PR
664057;1497820.0;27/02/2025;quinta-feira;18:00:00;RS;116.0;257;ESTEIO;Sim;Condutor deixou de manter distância do veículo da frente;Other Human Causes;Other Human Causes;1;Colisão traseira;Com Vítimas Feridas;Pleno dia;Crescente;Nublado;Simples;Reta;Sim;1195082.0;Automóvel;FORD/KA SE 1.0 HA B;2017.0;Condutor;Ileso;48.0;Feminino;1.0;0.0;0.0;0.0;-29,86282514;-51,18127498;SPRF-RS;DEL01-RS;UOP02-DEL01-RS
673601;1520607.0;14/04/2025;segunda-feira;06:55:00;PE;101.0;42,4;IGARASSU;Não;Condutor deixou de manter distância do veículo da frente;Other Human Causes;Other Human Causes;3;Queda de ocupante de veículo;Com Vítimas Feridas;Pleno dia;Crescente;Nublado;Múltipla;"Declive;Reta";Sim;1213411.0;Motocicleta;MOTTU/SPORT 110I;2023.0;Condutor;Lesões Leves;41.0;Masculino;0.0;1.0;0.0;0.0;-7,844081;-34,910864;SPRF-PE;DEL01-PE;UOP02-DEL01-PE
661308;1491237.0;14/02/2025;sexta-feira;14:50:00;PE;232.0;9;JABOATAO DOS GUARARAPES;Sim;Condutor deixou de manter distância do veículo da frente;Other Human Causes;Other Human Causes;1;Colisão traseira;Com Vítimas Feridas;Pleno dia;Decrescente;Céu Claro;Dupla;Reta;Sim;1189778.0;Caminhonete;FIAT/STRADA ENDURANCE CD;2020.0;Condutor;Ileso;46.0;Masculino;1.0;0.0;0.0;0.0;-8,07764447;-34,97863609;SPRF-PE;DEL01-PE;UOP01-DEL01-PE
655006;1474626.0;14/01/2025;terça-feira;04:35:00;PR;153.0;114,1;IBAITI;Não;Condutor Dormindo;Other Human Causes;Other Human Causes;1;Colisão frontal;Com Vítimas Fatais;Plena Noite;Decrescente;Céu Claro;Simples;Reta;Não;1177637.0;Caminhonete;FIAT/STRADA FIRE FLEX;2005.0;Condutor;Óbito;65.0;Masculino;0.0;0.0;0.0;1.0;-23,88704983;-50,20290258;SPRF-PR;DEL07-PR;UOP04-DEL07-PR
669785;1511683.0;26/03/2025;quarta-feira;23:20:00;PR;476.0;115;COLOMBO;Sim;Condutor Dormindo;Other Human Causes;Other Human Causes;2;Tombamento;Com Vítimas Feridas;Plena Noite;Crescente;Céu Claro;Dupla;Reta;Sim;1206042.0;Caminhão-trator;M.BENZ/ACTROS 2651S6X4;2020.0;Condutor;Lesões Leves;46.0;Masculino;0.0;1.0;0.0;0.0;-25,348169;-49,16224;SPRF-PR;DEL01-PR;UOP01-DEL01-PR
691577;;16/05/2025;sexta-feira;06:35:00;BA;116.0;16;ABARE;Não;Condutor Dormindo;Other Human Causes;Other Human Causes;1;Saída de leito carroçável;Com Vítimas Feridas;Amanhecer;Crescente;Céu Claro;Simples;Reta;Não;1226546.0;Semireboque;SR/LIBRELATO CRBAENI2 2E;2019.0;;;;;;;;;-8,762794;-39,260778;SPRF-PE;DEL05-PE;UOP03-DEL05-PE
693332;1541659.0;24/05/2025;sábado;05:00:00;RN;101.0;128,5;NISIA FLORESTA;Não;Condutor Dormindo;Other Human Causes;Other Human Causes;3;Saída de leito carroçável;Com Vítimas Fatais;Amanhecer;Decrescente;Céu Claro;Dupla;Reta;Não;1229916.0;Camioneta;VW/KOMBI;2010.0;Passageiro;Lesões Graves;44.0;Feminino;0.0;0.0;1.0;0.0;-6,107511;-35,233923;SPRF-RN;DEL01-RN;UOP01-DEL01-RN
654339;1472875.0;11/01/2025;sábado;02:30:00;MG;381.0;323;NOVA ERA;Sim;Condutor Dormindo;Other Human Causes;Other Human Causes;1;Colisão traseira;Com Vítimas Feridas;Plena Noite;Decrescente;Nublado;Simples;"Curva;Declive";Sim;1176492.0;Automóvel;RENAULT/SANDERO EXP1016V;2011.0;Passageiro;Lesões Leves;67.0;Feminino;0.0;1.0;0.0;0.0;-19,72257777;-43,00807259;SPRF-MG;DEL03-MG;UOP02-DEL03-MG
667491;1506099.0;15/03/2025;sábado;20:50:00;MG;381.0;673,2;PERDOES;Não;Condutor Dormindo;Other Human Causes;Other Human Causes;3;Capotamento;Com Vítimas Feridas;Plena Noite;Crescente;Nublado;Dupla;"Retorno Regulamentado;Declive;Curva";Não;1201569.0;Automóvel;GM/CORSA WIND;1997.0;Condutor;Lesões Leves;23.0;Masculino;0.0;1.0;0.0;0.0;-21,07829899;-45,05879195;SPRF-MG;DEL04-MG;UOP02-DEL04-MG
654763;1473920.0;13/01/2025;segunda-feira;01:00:00;RO;364.0;715;PORTO VELHO;Não;Condutor Dormindo;Other Human Causes;Other Human Causes;2;Colisão com objeto;Sem Vítimas;Plena Noite;Crescente;Nublado;Simples;Declive;Sim;1177176.0;Automóvel;VW/GOL 1.0L MC4;2021.0;Condutor;Não Informado;;Não Informado;0.0;0.0;0.0;0.0;-8,78178366;-63,89433217;SPRF-RO;DEL01-RO;UOP01-DEL01-RO
688951;;03/05/2025;sábado;22:30:00;MS;267.0;319;RIO BRILHANTE;Sim;Condutor Dormindo;Other Human Causes;Other Human Causes;2;Saída de leito carroçável;Com Vítimas Feridas;Plena Noite;Crescente;Céu Claro;Simples;"Reta;Rotatória";Não;1221497.0;Semireboque;SR/MANOS CAB 3E;2019.0;;;;;;;;;-21,65055271;-54,76050496;SPRF-MS;DEL02-MS;UOP02-DEL02-MS
688582;1530269.0;01/05/2025;quinta-feira;17:40:00;BA;116.0;273;TUCANO;Não;Condutor usando celular;Other Human Causes;Other Human Causes;1;Saída de leito carroçável;Com Vítimas Fatais;Pleno dia;Decrescente;Céu Claro;Simples;"Curva;Em Obras";Sim;1220772.0;Caminhão-trator;SCANIA/R 440 A6X4;2014.0;Passageiro;Óbito;45.0;Feminino;0.0;0.0;0.0;1.0;-10,95440567;-38,79442547;SPRF-BA;DEL07-BA;UOP02-DEL07-BA
656944;1479912.0;23/01/2025;quinta-feira;23:40:00;PB;230.0;153,3;CAMPINA GRANDE;Sim;Condutor usando celular;Other Human Causes;Other Human Causes;1;Colisão frontal;Com Vítimas Feridas;Plena Noite;Crescente;Céu Claro;Simples;"Curva;Em Obras";Sim;1181422.0;Caminhão;M.BENZ/L 1620;2002.0;Condutor;Ileso;45.0;Masculino;1.0;0.0;0.0;0.0;-7,2763;-35,8887;SPRF-PB;DEL02-PB;UOP01-DEL02-PB
673589;1520591.0;14/04/2025;segunda-feira;07:05:00;PB;230.0;151,9;CAMPINA GRANDE;Sim;Conversão proibida;Other Human Causes;Other Human Causes;3;Queda de ocupante de veículo;Com Vítimas Feridas;Pleno dia;Crescente;Céu Claro;Simples;Reta;Sim;1213398.0;Motocicleta;HONDA/CG 160 START;2024.0;Condutor;Lesões Graves;21.0;Masculino;0.0;0.0;1.0;0.0;-7,269732;-35,884338;SPRF-PB;DEL02-PB;UOP01-DEL02-PB
666370;1503737.0;10/03/2025;segunda-feira;13:35:00;BA;116.0;18,2;VITORIA DA CONQUISTA;Sim;Conversão proibida;Other Human Causes;Other Human Causes;2;Queda de ocupante de veículo;Com Vítimas Feridas;Pleno dia;Crescente;Céu Claro;Simples;Interseção de Vias;Sim;1199488.0;Motocicleta;HONDA/CG 160 START;2022.0;Passageiro;Lesões Leves;33.0;Feminino;0.0;1.0;0.0;0.0;-14,90241514;-40,84473252;SPRF-BA;DEL08-BA;UOP01-DEL08-BA
692562;1539844.0;20/05/2025;terça-feira;14:00:00;PR;163.0;37,5;SANTO ANTONIO DO SUDOESTE;Não;Conversão proibida;Other Human Causes;Other Human Causes;1;Colisão lateral mesmo sentido;Com Vítimas Feridas;Pleno dia;Crescente;Céu Claro;Simples;"Reta;Interseção de Vias";Sim;1228435.0;Automóvel;FIAT/SIENA ATTRACTIV 1.4;2012.0;Condutor;Ileso;38.0;Masculino;1.0;0.0;0.0;0.0;-26,04817025;-53,72624366;SPRF-PR;DEL02-PR;UOP02-DEL02-PR
660352;1488833.0;09/02/2025;domingo;16:40:00;MS;463.0;109,6;PONTA PORA;Não;Deixar de acionar o farol da motocicleta (ou similar);Other Human Causes;Other Human Causes;2;Tombamento;Com Vítimas Feridas;Pleno dia;Crescente;Céu Claro;Dupla;"Interseção de Vias;Reta";Sim;1187980.0;Motocicleta;Não Informado/Não Informado;0.0;Passageiro;Lesões Leves;;Masculino;0.0;1.0;0.0;0.0;-22,58039272;-55,68886181;SPRF-MS;DEL04-MS;UOP03-DEL04-MS
653292;1469943.0;05/01/2025;domingo;08:40:00;SC;101.0;123;ITAJAI;Sim;Desrespeitar a preferência no cruzamento;Other Human Causes;Other Human Causes;1;Colisão transversal;Com Vítimas Feridas;Pleno dia;Crescente;Nublado;Dupla;"Interseção de Vias;Reta";Não;1174461.0;Motocicleta;HONDA/CG 160 FAN;2024.0;Condutor;Lesões Leves;34.0;Masculino;0.0;1.0;0.0;0.0;-26,93668609;-48,69876905;SPRF-SC;DEL04-SC;UOP04-DEL04-SC
654255;1472509.0;10/01/2025;sexta-feira;14:30:00;MA;230.0;405,1;BALSAS;Não;Desrespeitar a preferência no cruzamento;Other Human Causes;Other Human Causes;2;Tombamento;Com Vítimas Feridas;Pleno dia;Crescente;Céu Claro;Simples;"Reta;Interseção de Vias";Sim;1176238.0;Motocicleta;HONDA/POP 110I;2015.0;Condutor;Lesões Leves;30.0;Masculino;0.0;1.0;0.0;0.0;-7,52133442;-46,04968976;SPRF-MA;DEL05-MA;UOP01-DEL05-MA
691254;1536801.0;14/05/2025;quarta-feira;16:05:00;PR;369.0;169,7;ROLANDIA;Sim;Desrespeitar a preferência no cruzamento;Other Human Causes;Other Human Causes;1;Colisão transversal;Com Vítimas Feridas;Pleno dia;Crescente;Céu Claro;Simples;Reta;Sim;1225949.0;Camioneta;JEEP/RENEGADE LGTD T270;2024.0;Condutor;Lesões Leves;78.0;Masculino;0.0;1.0;0.0;0.0;-23,30316239;-51,3356781;SPRF-PR;DEL07-PR;UOP01-DEL07-PR
671114;;02/04/2025;quarta-feira;14:00:00;PI;343.0;188;PIRIPIRI;Não;Falta de elemento de contenção que evite a saída do leito carroçável;Not Human Causes;Other Human Causes;1;Saída de leito carroçável;Sem Vítimas;Pleno dia;Decrescente;Nublado;Simples;Reta;Não;1208845.0;Semireboque;SR/NOMA SR2E17T1 CL;2009.0;;;;;;;;;-4,31042241;-41,77323818;SPRF-PI;DEL02-PI;UOP01-DEL02-PI
693620;1542422.0;25/05/2025;domingo;11:10:00;RO;364.0;263;CACOAL;Sim;Manobra de mudança de faixa;Other Human Causes;Other Human Causes;1;Colisão lateral mesmo sentido;Com Vítimas Feridas;Pleno dia;Crescente;Céu Claro;Simples;"Reta;Declive";Não;1230434.0;Automóvel;FIAT/SIENA ATTRACTIV 1.4;2013.0;Passageiro;Lesões Leves;51.0;Feminino;0.0;1.0;0.0;0.0;-11,394585;-61,65961;SPRF-RO;DEL02-RO;UOP02-DEL02-RO
666349;1503476.0;10/03/2025;segunda-feira;10:45:00;SP;116.0;224,7;GUARULHOS;Sim;Manobra de mudança de faixa;Other Human Causes;Other Human Causes;2;Tombamento;Com Vítimas Feridas;Pleno dia;Crescente;Sol;Múltipla;Reta;Não;1199428.0;Motocicleta;MOTTU/SPORT 110I;2024.0;Condutor;Lesões Leves;24.0;Masculino;0.0;1.0;0.0;0.0;-23,48787696;-46,54460538;SPRF-SP;DEL01-SP;UOP01-DEL01-SP
689821;;08/05/2025;quinta-feira;11:55:00;GO;60.0;306;ACREUNA;Sim;Manobra de mudança de faixa;Other Human Causes;Other Human Causes;2;Colisão com objeto;Com Vítimas Feridas;Pleno dia;Crescente;Céu Claro;Dupla;Curva;Não;1223150.0;Semireboque;SR/FACCHINI SRF QRCLTP;2024.0;;;;;;;;;-17,404608;-50,394817;SPRF-GO;DEL04-GO;UOP02-DEL04-GO
654916;1474396.0;13/01/2025;segunda-feira;07:40:00;PI;407.0;470;JAICOS;Não;Manobra de mudança de faixa;Other Human Causes;Other Human Causes;3;Queda de ocupante de veículo;Com Vítimas Feridas;Pleno dia;Decrescente;Céu Claro;Simples;"Declive;Reta";Não;1177500.0;Motocicleta;YAMAHA/YBR 125K;2004.0;Condutor;Lesões Graves;64.0;Masculino;0.0;0.0;1.0;0.0;-7,37249681;-41,14980421;SPRF-PI;DEL04-PI;UOP01-DEL04-PI
672495;1518118.0;09/04/2025;quarta-feira;07:10:00;SC;282.0;389;JOACABA;Sim;Manobra de mudança de faixa;Other Human Causes;Other Human Causes;1;Colisão lateral mesmo sentido;Com Vítimas Feridas;Pleno dia;Crescente;Nevoeiro/Neblina;Simples;Reta;Não;1211354.0;Automóvel;CHEV/ONIX PLUS 10TMT LTZ;2021.0;Passageiro;Ileso;26.0;Feminino;1.0;0.0;0.0;0.0;-27,179787;-51,535016;SPRF-SC;DEL07-SC;UOP05-DEL07-SC
691577;;16/05/2025;sexta-feira;06:35:00;BA;116.0;16;ABARE;Não;Manobra de mudança de faixa;Other Human Causes;Other Human Causes;1;Saída de leito carroçável;Com Vítimas Feridas;Amanhecer;Crescente;Céu Claro;Simples;Reta;Não;1226546.0;Semireboque;SR/LIBRELATO CRBAENI2 2E;2019.0;;;;;;;;;-8,762794;-39,260778;SPRF-PE;DEL05-PE;UOP03-DEL05-PE
660583;1489289.0;10/02/2025;segunda-feira;18:30:00;DF;40.0;1,7;BRASILIA;Sim;Reação tardia ou ineficiente do condutor;Other Human Causes;Other Human Causes;2;Tombamento;Com Vítimas Feridas;Plena Noite;Crescente;Céu Claro;Dupla;Reta;Sim;1188341.0;Caminhão-trator;M.BENZ/AXOR 2544 S;2021.0;Condutor;Ileso;40.0;Masculino;1.0;0.0;0.0;0.0;-15,985532;-47,987747;SPRF-DF;DEL01-DF;UOP01-DEL01-DF
667357;1505839.0;15/03/2025;sábado;07:00:00;SC;470.0;86;RODEIO;Não;Reação tardia ou ineficiente do condutor;Other Human Causes;Other Human Causes;1;Colisão com objeto;Com Vítimas Feridas;Pleno dia;Decrescente;Nublado;Simples;Curva;Não;1201335.0;Camioneta;I/CHEV TRACKER LTZ;2016.0;Condutor;Ileso;69.0;Masculino;1.0;0.0;0.0;0.0;-26,9476045;-49,3648749;SPRF-SC;DEL04-SC;UOP01-DEL04-SC
691061;1536385.0;13/05/2025;terça-feira;16:15:00;RS;386.0;233,8;SOLEDADE;Sim;Reação tardia ou ineficiente do condutor;Other Human Causes;Other Human Causes;1;Colisão traseira;Com Vítimas Feridas;Pleno dia;Decrescente;Céu Claro;Simples;"Reta;Em Obras";Não;1225592.0;Caminhonete;I/TOYOTA HILUX CDSRVA4FD;2016.0;Passageiro;Ileso;27.0;Feminino;1.0;0.0;0.0;0.0;-28,72201;-52,56154;SPRF-RS;DEL04-RS;UOP03-DEL04-RS
671004;1514483.0;01/04/2025;terça-feira;23:30:00;PR;376.0;176;MARINGA;Sim;Reação tardia ou ineficiente do condutor;Other Human Causes;Other Human Causes;3;Queda de ocupante de veículo;Com Vítimas Feridas;Plena Noite;Decrescente;Céu Claro;Múltipla;Reta;Sim;1208408.0;Automóvel;VW/FOX 1.0 GII;2012.0;Condutor;Ileso;36.0;Masculino;1.0;0.0;0.0;0.0;-23,41082;-51,93592;SPRF-PR;DEL09-PR;UOP01-DEL09-PR
692898;1540637.0;28/04/2025;segunda-feira;17:00:00;BA;101.0;220;CRUZ DAS ALMAS;Não;Reação tardia ou ineficiente do condutor;Other Human Causes;Other Human Causes;2;Queda de ocupante de veículo;Sem Vítimas;Pleno dia;Decrescente;Céu Claro;Simples;"Reta;Rotatória";Sim;1229041.0;Motocicleta;HONDA/CG 150 TITAN KS;2006.0;Condutor;Não Informado;;Não Informado;0.0;0.0;0.0;0.0;-12,65728084;-39,12447006;SPRF-BA;DEL01-BA;UOP02-DEL01-BA
673930;1521463.0;15/04/2025;terça-feira;18:17:00;AL;316.0;248,5;ATALAIA;Sim;Reação tardia ou ineficiente do condutor;Other Human Causes;Other Human Causes;2;Tombamento;Com Vítimas Feridas;Plena Noite;Crescente;Céu Claro;Simples;Reta;Sim;1214090.0;Motocicleta;I/BENZHOU JONNY 50;2010.0;Passageiro;Lesões Leves;23.0;Feminino;0.0;1.0;0.0;0.0;-9,544902;-35,983052;SPRF-AL;DEL01-AL;UOP01-DEL01-AL
663527;1496392.0;24/02/2025;segunda-feira;13:15:00;RS;116.0;104,9;SAO MARCOS;Sim;Reação tardia ou ineficiente do condutor;Other Human Causes;Other Human Causes;2;Derramamento de carga;Com Vítimas Feridas;Pleno dia;Crescente;Céu Claro;Simples;Curva;Não;1193935.0;Caminhão-trator;SCANIA/G 440 A6X2;2012.0;Condutor;Lesões Leves;42.0;Masculino;0.0;1.0;0.0;0.0;-28,91050519;-51,11027835;SPRF-RS;DEL05-RS;UOP01-DEL05-RS
657059;1480264.0;24/01/2025;sexta-feira;16:05:00;MS;163.0;41;ELDORADO;Não;Reação tardia ou ineficiente do condutor;Other Human Causes;Other Human Causes;2;Tombamento;Com Vítimas Feridas;Pleno dia;Crescente;Céu Claro;Simples;"Reta;Interseção de Vias";Sim;1181659.0;Bicicleta;Não Informado/Não Informado;0.0;Condutor;Lesões Leves;20.0;Feminino;0.0;1.0;0.0;0.0;-23,78038392;-54,2770967;SPRF-MS;DEL09-MS;UOP02-DEL09-MS
664047;;27/02/2025;quinta-feira;16:35:00;MG;40.0;588,5;ITABIRITO;Sim;Reação tardia ou ineficiente do condutor;Other Human Causes;Other Human Causes;4;Colisão com objeto;Com Vítimas Feridas;Pleno dia;Crescente;Céu Claro;Simples;Curva;Não;1195209.0;Semireboque;SR/GOTTI SRTQL3E 115;2009.0;;;;;;;;;-20,355464;-43,909544;SPRF-MG;DEL01-MG;UOP02-DEL01-MG
654078;1472968.0;09/01/2025;quinta-feira;18:15:00;RS;386.0;298,8;POUSO NOVO;Não;Reação tardia ou ineficiente do condutor;Other Human Causes;Other Human Causes;9;Colisão lateral sentido oposto;Com Vítimas Feridas;Pleno dia;Crescente;Céu Claro;Simples;Reta;Não;1176531.0;Utilitário;JEEP/COMPASS LONGITUDE D;2019.0;Condutor;Ileso;64.0;Masculino;1.0;0.0;0.0;0.0;-29,159327;-52,226838;SPRF-RS;DEL04-RS;UOP01-DEL04-RS
654865;1474310.0;13/01/2025;segunda-feira;12:30:00;MG;40.0;257,5;SAO GONCALO DO ABAETE;Não;Reação tardia ou ineficiente do condutor;Other Human Causes;Other Human Causes;4;Capotamento;Com Vítimas Feridas;Pleno dia;Crescente;Chuva;Simples;"Declive;Reta";Não;1177430.0;Automóvel;TOYOTA/YARIS SD XL 15 MT;2018.0;Condutor;Lesões Leves;74.0;Masculino;0.0;1.0;0.0;0.0;-18,13657095;-45,37279299;SPRF-MG;DEL14-MG;UOP02-DEL14-MG
673805;1521579.0;15/04/2025;terça-feira;09:10:00;SP;116.0;155,8;SAO JOSE DOS CAMPOS;Sim;Reação tardia ou ineficiente do condutor;Other Human Causes;Other Human Causes;1;Colisão lateral mesmo sentido;Com Vítimas Feridas;Pleno dia;Decrescente;Céu Claro;Dupla;Reta;Sim;1214192.0;Caminhão-trator;SCANIA/R450 A6X2;2024.0;Condutor;Ileso;58.0;Masculino;1.0;0.0;0.0;0.0;-23,24754733;-45,93115568;SPRF-SP;DEL02-SP;UOP01-DEL02-SP
692492;1539616.0;20/05/2025;terça-feira;04:43:00;MA;226.0;286;BARRA DO CORDA;Não;Reação tardia ou ineficiente do condutor;Other Human Causes;Other Human Causes;3;Saída de leito carroçável;Sem Vítimas;Amanhecer;Decrescente;Nublado;Simples;"Curva;Declive";Não;1228255.0;Caminhonete;MMC/TRITON SPORT GLS AT;2024.0;Condutor;Ileso;33.0;Masculino;1.0;0.0;0.0;0.0;-5,41778537;-44,96904624;SPRF-MA;DEL06-MA;UOP01-DEL06-MA
693365;1541764.0;24/05/2025;sábado;07:15:00;MG;40.0;657,9;CARANDAI;Sim;Reação tardia ou ineficiente do condutor;Other Human Causes;Other Human Causes;1;Saída de leito carroçável;Com Vítimas Fatais;Pleno dia;Crescente;Céu Claro;Simples;Reta;Não;1229999.0;Automóvel;FIAT/PALIO SPORTING 1.6;2013.0;Passageiro;Lesões Graves;38.0;Masculino;0.0;0.0;1.0;0.0;-20,887515;-43,81271;SPRF-MG;DEL05-MG;UOP02-DEL05-MG
664244;1498167.0;24/01/2025;sexta-feira;07:30:00;MG;251.0;349,6;FRUTA DE LEITE;Não;Reação tardia ou ineficiente do condutor;Other Human Causes;Other Human Causes;5;Colisão com objeto;Com Vítimas Fatais;Pleno dia;Decrescente;Céu Claro;Simples;"Declive;Curva";Não;;;NA/NA;;Testemunha;Não Informado;;Não Informado;0.0;0.0;0.0;0.0;-16,27293323;-42,53130451;SPRF-MG;DEL12-MG;UOP02-DEL12-MG
653620;1470765.0;07/01/2025;terça-feira;07:00:00;SP;116.0;545;BARRA DO TURVO;Sim;Reação tardia ou ineficiente do condutor;Other Human Causes;Other Human Causes;2;Colisão com objeto;Com Vítimas Feridas;Pleno dia;Crescente;Nublado;Múltipla;Curva;Não;1175038.0;Automóvel;FIAT/PALIO ATTRACTIV 1.4;2012.0;Condutor;Lesões Leves;32.0;Feminino;0.0;1.0;0.0;0.0;-24,95016699;-48,42400302;SPRF-SP;DEL05-SP;UOP02-DEL05-SP
667423;1505972.0;15/03/2025;sábado;15:15:00;SC;470.0;98,4;APIUNA;Sim;Reação tardia ou ineficiente do condutor;Other Human Causes;Other Human Causes;2;Tombamento;Com Vítimas Feridas;Pleno dia;Crescente;Nublado;Simples;Reta;Sim;1201464.0;Automóvel;FIAT/FASTBACK TURBO 200;2025.0;Condutor;Ileso;36.0;Masculino;1.0;0.0;0.0;0.0;-27,03661762;-49,39163262;SPRF-SC;DEL04-SC;UOP02-DEL04-SC
694846;1545443.0;31/05/2025;sábado;08:05:00;SP;116.0;285;ITAPECERICA DA SERRA;Sim;Reação tardia ou ineficiente do condutor;Other Human Causes;Other Human Causes;1;Colisão lateral mesmo sentido;Com Vítimas Feridas;Pleno dia;Decrescente;Nublado;Dupla;Reta;Sim;1232978.0;Automóvel;I/VW GOLF HIGHLINE AC;2014.0;Condutor;Ileso;30.0;Feminino;1.0;0.0;0.0;0.0;-23,68614231;-46,85935557;SPRF-SP;DEL04-SP;UOP01-DEL04-SP
669601;1511198.0;25/03/2025;terça-feira;21:20:00;PR;376.0;501,3;PONTA GROSSA;Sim;Reação tardia ou ineficiente do condutor;Other Human Causes;Other Human Causes;2;Tombamento;Com Vítimas Feridas;Plena Noite;Decrescente;Chuva;Dupla;Reta;Sim;1205604.0;Automóvel;I/FIAT CRONOS PREC AT;2018.0;Condutor;Ileso;78.0;Masculino;1.0;0.0;0.0;0.0;-25,16374591;-50,1189959;SPRF-PR;DEL03-PR;UOP04-DEL03-PR
671055;;02/04/2025;quarta-feira;07:40:00;RO;364.0;708;PORTO VELHO;Sim;Reação tardia ou ineficiente do condutor;Other Human Causes;Other Human Causes;1;Colisão traseira;Com Vítimas Feridas;Pleno dia;Crescente;Céu Claro;Dupla;Reta;Não;1211903.0;Semireboque;SR/FACCHINI SRF 2CB;2020.0;;;;;;;;;-8,79786978;-63,8368696;SPRF-RO;DEL01-RO;UOP01-DEL01-RO
686874;1526108.0;23/04/2025;quarta-feira;13:40:00;SC;101.0;208,1;SAO JOSE;Não;Reação tardia ou ineficiente do condutor;Other Human Causes;Other Human Causes;1;Colisão traseira;Com Vítimas Feridas;Pleno dia;Crescente;Céu Claro;Dupla;"Reta;Aclive;Interseção de Vias";Sim;1217474.0;Motocicleta;HONDA/CG 160 START;2024.0;Condutor;Lesões Leves;34.0;Masculino;0.0;1.0;0.0;0.0;-27,6039;-48,633;SPRF-SC;DEL01-SC;UOP01-DEL01-SC
663383;1496031.0;24/02/2025;segunda-feira;07:58:00;SP;116.0;116,4;TAUBATE;Não;Reação tardia ou ineficiente do condutor;Other Human Causes;Other Human Causes;2;Tombamento;Com Vítimas Feridas;Pleno dia;Crescente;Sol;Dupla;"Aclive;Reta";Não;1193645.0;Automóvel;CHEVROLET/ONIX 10MT JOYE;2018.0;Passageiro;Ileso;55.0;Feminino;1.0;0.0;0.0;0.0;-23,05376319;-45,6088049;SPRF-SP;DEL02-SP;UOP02-DEL02-SP
693277;1541485.0;23/05/2025;sexta-feira;17:50:00;MT;364.0;207,8;RONDONOPOLIS;Sim;Reação tardia ou ineficiente do condutor;Other Human Causes;Other Human Causes;2;Tombamento;Com Vítimas Fatais;Plena Noite;Decrescente;Céu Claro;Dupla;Reta;Sim;1229782.0;Caminhão-trator;IVECO/STRALIS 800S48TZ;2021.0;Condutor;Ileso;48.0;Masculino;1.0;0.0;0.0;0.0;-16,437204;-54,681445;SPRF-MT;DEL02-MT;UOP01-DEL02-MT
690825;1535724.0;12/05/2025;segunda-feira;10:53:00;BA;367.0;56;SANTA CRUZ CABRALIA;Não;Reação tardia ou ineficiente do condutor;Other Human Causes;Other Human Causes;2;Queda de ocupante de veículo;Com Vítimas Feridas;Pleno dia;Decrescente;Céu Claro;Simples;"Reta;Em Obras";Não;1225018.0;Motoneta;HONDA/BIZ 125;2019.0;Condutor;Lesões Leves;25.0;Masculino;0.0;1.0;0.0;0.0;-16,386895;-39,337199;SPRF-BA;DEL09-BA;UOP03-DEL09-BA
664597;;01/03/2025;sábado;15:00:00;MT;364.0;472;VARZEA GRANDE;Sim;Reação tardia ou ineficiente do condutor;Other Human Causes;Other Human Causes;1;Colisão frontal;Com Vítimas Feridas;Pleno dia;Crescente;Sol;Simples;Reta;Não;1196101.0;Semireboque;SR/RANDON SR CA 1ED3E;2022.0;;;;;;;;;-15,418824;-56,347241;SPRF-MT;DEL01-MT;UOP02-DEL01-MT
663706;1496870.0;25/02/2025;terça-feira;14:40:00;MT;163.0;903;ITAUBA;Sim;Reação tardia ou ineficiente do condutor;Other Human Causes;Other Human Causes;2;Colisão com objeto;Sem Vítimas;Pleno dia;Crescente;Nublado;Simples;Reta;Não;1194328.0;Caminhão-trator;DAF/XF105 FTT 510A;2018.0;Condutor;Ileso;62.0;Masculino;1.0;0.0;0.0;0.0;-11,28146;-55,31643;SPRF-MT;DEL06-MT;UOP02-DEL06-MT
671355;1515302.0;03/04/2025;quinta-feira;16:45:00;RJ;116.0;246;PIRAI;Não;Reação tardia ou ineficiente do condutor;Other Human Causes;Other Human Causes;1;Colisão com objeto;Com Vítimas Feridas;Pleno dia;Decrescente;Chuva;Múltipla;Reta;Não;1209063.0;Automóvel;CITROEN/C3 GLX 14 FLEX;2012.0;Condutor;Ileso;41.0;Masculino;1.0;0.0;0.0;0.0;-22,62295015;-43,92269611;SPRF-RJ;DEL07-RJ;UOP01-DEL07-RJ
671550;1515763.0;04/04/2025;sexta-feira;16:00:00;SP;116.0;513;CAJATI;Sim;Reação tardia ou ineficiente do condutor;Other Human Causes;Other Human Causes;2;Colisão traseira;Com Vítimas Feridas;Pleno dia;Decrescente;Garoa/Chuvisco;Simples;Curva;Não;1209452.0;Caminhão-trator;SCANIA/R 440 A6X4;2016.0;Condutor;Ileso;49.0;Masculino;1.0;0.0;0.0;0.0;-24,858112;-48,211402;SPRF-SP;DEL05-SP;UOP02-DEL05-SP
662197;1493205.0;14/02/2025;sexta-feira;19:55:00;MT;364.0;261;JUSCIMEIRA;Sim;Reação tardia ou ineficiente do condutor;Other Human Causes;Other Human Causes;1;Saída de leito carroçável;Com Vítimas Feridas;Plena Noite;Decrescente;Nublado;Dupla;Reta;Não;1191383.0;Utilitário;JEEP/COMPASS TRAIL TD;2022.0;Condutor;Lesões Leves;27.0;Masculino;0.0;1.0;0.0;0.0;-16,02549344;-54,89640713;SPRF-MT;DEL02-MT;UOP01-DEL02-MT
673199;1519862.0;12/04/2025;sábado;14:55:00;CE;20.0;399;CAUCAIA;Não;Reação tardia ou ineficiente do condutor;Other Human Causes;Other Human Causes;3;Queda de ocupante de veículo;Com Vítimas Fatais;Pleno dia;Crescente;Céu Claro;Simples;Reta;Não;1212813.0;Automóvel;TOYOTA/COROLLA XEI 20;2020.0;Condutor;Ileso;55.0;Masculino;1.0;0.0;0.0;0.0;-3,799543;-38,717273;SPRF-CE;DEL01-CE;UOP01-DEL01-CE
654183;1472670.0;10/01/2025;sexta-feira;09:17:00;PB;230.0;27;JOAO PESSOA;Não;Reação tardia ou ineficiente do condutor;Other Human Causes;Other Human Causes;2;Tombamento;Com Vítimas Feridas;Pleno dia;Crescente;Céu Claro;Dupla;Reta;Sim;;;NA/NA;;Testemunha;Não Informado;;Não Informado;0.0;0.0;0.0;0.0;-7,16611254;-34,88866925;SPRF-PB;DEL01-PB;UOP01-DEL01-PB
686223;1524257.0;20/04/2025;domingo;14:45:00;PE;428.0;188,4;PETROLINA;Sim;Reação tardia ou ineficiente do condutor;Other Human Causes;Other Human Causes;1;Colisão traseira;Com Vítimas Feridas;Pleno dia;Decrescente;Céu Claro;Simples;Interseção de Vias;Sim;1216182.0;Automóvel;TOYOTA/COROLLA XRS FLEX;2013.0;Condutor;Ileso;51.0;Feminino;1.0;0.0;0.0;0.0;-9,376063;-40,492752;SPRF-PE;DEL06-PE;UOP01-DEL06-PE
673132;1519592.0;12/04/2025;sábado;01:10:00;PE;232.0;4,5;RECIFE;Sim;Reação tardia ou ineficiente do condutor;Other Human Causes;Other Human Causes;1;Saída de leito carroçável;Sem Vítimas;Plena Noite;Decrescente;Ignorado;Dupla;Curva;Sim;1212566.0;Automóvel;VW/POLO MA;2024.0;Condutor;Não Informado;;Não Informado;0.0;0.0;0.0;0.0;-8,067834;-34,940887;SPRF-PE;DEL01-PE;UOP01-DEL01-PE
654210;1472357.0;10/01/2025;sexta-feira;11:00:00;MG;354.0;731,3;POUSO ALTO;Não;Reação tardia ou ineficiente do condutor;Other Human Causes;Other Human Causes;1;Colisão traseira;Com Vítimas Feridas;Pleno dia;Crescente;Céu Claro;Simples;"Curva;Declive";Não;1176150.0;Automóvel;I/FORD FOCUS 2L FC FLEX;2012.0;Condutor;Ileso;40.0;Masculino;1.0;0.0;0.0;0.0;-22,17071402;-44,96390985;SPRF-MG;DEL17-MG;UOP01-DEL17-MG
657367;1480990.0;26/01/2025;domingo;00:30:00;SP;116.0;123;CACAPAVA;Sim;Reação tardia ou ineficiente do condutor;Other Human Causes;Other Human Causes;1;Colisão com objeto;Com Vítimas Feridas;Plena Noite;Decrescente;Nublado;Dupla;Reta;Não;1182181.0;Motocicleta;HONDA/XR 250 TORNADO;2008.0;Condutor;Lesões Leves;59.0;Masculino;0.0;1.0;0.0;0.0;-23,08754228;-45,66969781;SPRF-SP;DEL02-SP;UOP02-DEL02-SP
665350;;05/03/2025;quarta-feira;12:00:00;MA;226.0;273;BARRA DO CORDA;Não;Reação tardia ou ineficiente do condutor;Other Human Causes;Other Human Causes;1;Colisão frontal;Com Vítimas Fatais;Pleno dia;Decrescente;Céu Claro;Simples;Reta;Não;1197495.0;Semireboque;SR/LIBRELATO CRBAENI2 2E;2020.0;;;;;;;;;-5,44170586;-45,03879547;SPRF-MA;DEL06-MA;UOP01-DEL06-MA
672720;;10/04/2025;quinta-feira;05:30:00;MT;158.0;632;NOVA XAVANTINA;Sim;Reação tardia ou ineficiente do condutor;Other Human Causes;Other Human Causes;2;Saída de leito carroçável;Com Vítimas Feridas;Pleno dia;Decrescente;Céu Claro;Simples;Curva;Não;1212766.0;Semireboque;SR/FACCHINI SRF 2CB;2024.0;;;;;;;;;-14,53394864;-52,33077145;SPRF-MT;DEL07-MT;UOP02-DEL07-MT
688835;1531074.0;03/05/2025;sábado;10:10:00;PR;277.0;630;CEU AZUL;Sim;Reação tardia ou ineficiente do condutor;Other Human Causes;Other Human Causes;1;Saída de leito carroçável;Com Vítimas Feridas;Pleno dia;Decrescente;Céu Claro;Simples;Reta;Não;1221392.0;Automóvel;CHEVROLET/ONIX 10MT JOYE;2017.0;Passageiro;Lesões Leves;23.0;Masculino;0.0;1.0;0.0;0.0;-25,113329;-53,793316;SPRF-PR;DEL05-PR;UOP02-DEL05-PR
662620;1494347.0;20/02/2025;quinta-feira;22:00:00;RN;427.0;97,4;CAICO;Não;Reação tardia ou ineficiente do condutor;Other Human Causes;Other Human Causes;2;Saída de leito carroçável;Com Vítimas Feridas;Plena Noite;Decrescente;Céu Claro;Simples;"Curva;Interseção de Vias";Não;1192277.0;Motocicleta;HONDA/CG 160 START;2022.0;Passageiro;Lesões Leves;20.0;Feminino;0.0;1.0;0.0;0.0;-6,45672278;-37,05499649;SPRF-RN;DEL03-RN;UOP01-DEL03-RN
691366;1537038.0;15/05/2025;quinta-feira;07:30:00;SP;116.0;511;CAJATI;Sim;Reação tardia ou ineficiente do condutor;Other Human Causes;Other Human Causes;1;Colisão traseira;Com Vítimas Feridas;Pleno dia;Decrescente;Céu Claro;Dupla;Declive;Não;1226143.0;Caminhonete;I/FORD RANGER XLTCD4A32C;2018.0;Condutor;Ileso;60.0;Masculino;1.0;0.0;0.0;0.0;-24,8499144;-48,20981026;SPRF-SP;DEL05-SP;UOP02-DEL05-SP
693884;1542898.0;16/05/2025;sexta-feira;12:30:00;MS;262.0;531,8;MIRANDA;Não;Reação tardia ou ineficiente do condutor;Other Human Causes;Other Human Causes;3;Capotamento;Com Vítimas Feridas;Pleno dia;Crescente;Céu Claro;Simples;Reta;Não;1230897.0;Caminhonete;MMC/L200 TRITON SPO GL;2023.0;Condutor;Ileso;51.0;Masculino;1.0;0.0;0.0;0.0;-20,34967401;-56,15546747;SPRF-MS;DEL03-MS;UOP02-DEL03-MS
658601;1484439.0;01/02/2025;sábado;08:55:00;RJ;101.0;515;ANGRA DOS REIS;Sim;Reação tardia ou ineficiente do condutor;Other Human Causes;Other Human Causes;1;Colisão lateral sentido oposto;Com Vítimas Fatais;Pleno dia;Crescente;Céu Claro;Simples;Reta;Não;1184701.0;Camioneta;I/GM CAPTIVA SPORT FWD;2010.0;Passageiro;Lesões Leves;7.0;Feminino;0.0;1.0;0.0;0.0;-23,00296;-44,44444;SPRF-RJ;DEL03-RJ;UOP03-DEL03-RJ
685675;1522828.0;16/04/2025;quarta-feira;18:50:00;RJ;101.0;60;CAMPOS DOS GOYTACAZES;Sim;Retorno proibido;Other Human Causes;Other Human Causes;2;Tombamento;Com Vítimas Feridas;Anoitecer;Decrescente;Nublado;Simples;Reta;Sim;1215118.0;Camioneta;HYUNDAI/IX35 GL;2017.0;Condutor;Ileso;23.0;Masculino;1.0;0.0;0.0;0.0;-21,72288591;-41,31779458;SPRF-RJ;DEL08-RJ;UOP01-DEL08-RJ
658171;1483197.0;30/01/2025;quinta-feira;07:45:00;GO;153.0;499,8;GOIANIA;Sim;Trafegar com motocicleta (ou similar) entre as faixas;Other Human Causes;Other Human Causes;4;Atropelamento de Pedestre;Com Vítimas Fatais;Pleno dia;Crescente;Nublado;Dupla;Reta;Sim;1183804.0;Automóvel;VW/VIRTUS MF;2020.0;Condutor;Ileso;67.0;Masculino;1.0;0.0;0.0;0.0;-16,7033;-49,2311;SPRF-GO;DEL01-GO;UOP01-DEL01-GO
660962;1490338.0;12/02/2025;quarta-feira;17:15:00;MG;381.0;489,3;BETIM;Sim;Trafegar com motocicleta (ou similar) entre as faixas;Other Human Causes;Other Human Causes;2;Queda de ocupante de veículo;Com Vítimas Feridas;Pleno dia;Crescente;Céu Claro;Dupla;Reta;Sim;1189085.0;Automóvel;FIAT/PALIO ATTRACTIV 1.0;2012.0;Condutor;Ileso;32.0;Masculino;1.0;0.0;0.0;0.0;-19,96245618;-44,16455495;SPRF-MG;DEL01-MG;UOP03-DEL01-MG
664817;1499717.0;02/03/2025;domingo;18:30:00;PR;277.0;108,7;CURITIBA;Sim;Trafegar com motocicleta (ou similar) entre as faixas;Other Human Causes;Other Human Causes;3;Queda de ocupante de veículo;Com Vítimas Fatais;Anoitecer;Decrescente;Céu Claro;Dupla;"Aclive;Reta";Sim;1196593.0;Caminhão-trator;SCANIA/R 440 A6X2;2017.0;Condutor;Ileso;50.0;Masculino;1.0;0.0;0.0;0.0;-25,42968573;-49,37854236;SPRF-PR;DEL03-PR;UOP03-DEL03-PR
690025;1533806.0;09/05/2025;sexta-feira;11:50:00;PR;277.0;730;FOZ DO IGUACU;Sim;Trafegar com motocicleta (ou similar) entre as faixas;Other Human Causes;Other Human Causes;1;Colisão frontal;Com Vítimas Feridas;Pleno dia;Crescente;Céu Claro;Simples;Ponte;Não;1223512.0;Motocicleta;Não Informado/Não Informado;2024.0;Condutor;Ileso;39.0;Masculino;1.0;0.0;0.0;0.0;-25,50948002;-54,59993217;SPRF-PR;DEL05-PR;UOP03-DEL05-PR
656520;1478909.0;21/01/2025;terça-feira;18:00:00;SC;101.0;201,1;SAO JOSE;Não;Trafegar com motocicleta (ou similar) entre as faixas;Other Human Causes;Other Human Causes;1;Colisão lateral mesmo sentido;Com Vítimas Feridas;Pleno dia;Crescente;Céu Claro;Múltipla;Reta;Sim;1180607.0;Automóvel;CHEV/TRACKER 12T A PR;2021.0;Condutor;Ileso;40.0;Masculino;1.0;0.0;0.0;0.0;-27,54836599;-48,61977975;SPRF-SC;DEL01-SC;UOP01-DEL01-SC
666516;1503825.0;11/03/2025;terça-feira;07:50:00;PR;476.0;145;CURITIBA;Sim;Trafegar com motocicleta (ou similar) entre as faixas;Other Human Causes;Other Human Causes;1;Colisão transversal;Com Vítimas Feridas;Pleno dia;Decrescente;Nublado;Dupla;"Reta;Aclive";Não;1199729.0;Caminhonete;HYUNDAI/HR HDB 4WD;2023.0;Condutor;Ileso;29.0;Masculino;1.0;0.0;0.0;0.0;-25,549082;-49,324334;SPRF-PR;DEL01-PR;UOP06-DEL01-PR
690407;1536624.0;10/05/2025;sábado;20:30:00;MG;381.0;505;BETIM;Sim;Trafegar com motocicleta (ou similar) entre as faixas;Other Human Causes;Other Human Causes;2;Tombamento;Com Vítimas Feridas;Plena Noite;Decrescente;Céu Claro;Dupla;"Reta;Declive";Sim;1224290.0;Automóvel;FIAT/SIENA FIRE FLEX;2009.0;Passageiro;Lesões Leves;19.0;Masculino;0.0;1.0;0.0;0.0;-20,0357174;-44,2438562;SPRF-MG;DEL01-MG;UOP03-DEL01-MG
689178;1531735.0;05/05/2025;segunda-feira;06:15:00;RJ;493.0;19;MAGE;Sim;Trafegar com motocicleta (ou similar) entre as faixas;Other Human Causes;Other Human Causes;1;Colisão transversal;Com Vítimas Feridas;Pleno dia;Decrescente;Céu Claro;Simples;Rotatória;Sim;1221880.0;Motocicleta;HONDA/CG 160 TITAN EX;2015.0;Condutor;Lesões Leves;50.0;Masculino;0.0;1.0;0.0;0.0;-22,66374391;-43,03408027;SPRF-RJ;DEL04-RJ;UOP02-DEL04-RJ
691171;1536573.0;14/05/2025;quarta-feira;07:50:00;MG;381.0;480,5;CONTAGEM;Sim;Trafegar com motocicleta (ou similar) entre as faixas;Other Human Causes;Other Human Causes;3;Queda de ocupante de veículo;Com Vítimas Feridas;Pleno dia;Decrescente;Sol;Dupla;Curva;Sim;1225759.0;Caminhão;VW/30.320 CRM 8X2;2024.0;Condutor;Ileso;27.0;Masculino;1.0;0.0;0.0;0.0;-19,95841;-44,05582;SPRF-MG;DEL01-MG;UOP03-DEL01-MG
662121;1493027.0;18/02/2025;terça-feira;07:11:00;SC;470.0;54,1;BLUMENAU;Sim;Trafegar com motocicleta (ou similar) entre as faixas;Other Human Causes;Other Human Causes;2;Colisão frontal;Com Vítimas Feridas;Pleno dia;Crescente;Céu Claro;Simples;Reta;Não;1191241.0;Motocicleta;YAMAHA/YBR 125K;2007.0;Condutor;Lesões Leves;58.0;Masculino;0.0;1.0;0.0;0.0;-26,87164542;-49,11195517;SPRF-SC;DEL04-SC;UOP01-DEL04-SC
688970;1531250.0;03/05/2025;sábado;23:50:00;PE;232.0;146;SAO CAITANO;Não;Transitar na contramão;Other Human Causes;Other Human Causes;1;Colisão frontal;Com Vítimas Fatais;Plena Noite;Decrescente;Céu Claro;Simples;Reta;Não;1221530.0;Motocicleta;MOTTU/SPORT 110I;2024.0;Passageiro;Óbito;46.0;Feminino;0.0;0.0;0.0;1.0;-8,33285;-36,129428;SPRF-PE;DEL03-PE;UOP02-DEL03-PE
694955;1545533.0;31/05/2025;sábado;19:00:00;MG;40.0;649,7;CRISTIANO OTONI;Sim;Transitar na contramão;Other Human Causes;Other Human Causes;1;Colisão frontal;Com Vítimas Feridas;Plena Noite;Decrescente;Céu Claro;Simples;"Reta;Aclive";Sim;1233034.0;Automóvel;VW/NOVO GOL 1.0;2013.0;Condutor;Ileso;21.0;Masculino;1.0;0.0;0.0;0.0;-20,82728776;-43,80839109;SPRF-MG;DEL05-MG;UOP02-DEL05-MG
688670;;02/05/2025;sexta-feira;14:00:00;MG;40.0;567;NOVA LIMA;Sim;Transitar na contramão;Other Human Causes;Other Human Causes;4;Queda de ocupante de veículo;Com Vítimas Feridas;Pleno dia;Decrescente;Nublado;Simples;"Reta;Aclive";Sim;1221013.0;Semireboque;SR/RANDON SR FG CG 3E;2023.0;;;;;;;;;-20,192163;-43,971765;SPRF-MG;DEL01-MG;UOP02-DEL01-MG
672027;;06/04/2025;domingo;18:30:00;TO;153.0;630;ALIANCA DO TOCANTINS;Não;Transitar na contramão;Other Human Causes;Other Human Causes;2;Colisão frontal;Com Vítimas Feridas;Anoitecer;Crescente;Céu Claro;Simples;"Aclive;Reta";Não;1210315.0;Semireboque;SR/FACCHINI SRF CF;2020.0;;;;;;;;;-11,42828446;-48,97945404;SPRF-TO;DEL01-TO;UOP02-DEL01-TO
688640;1530531.0;02/05/2025;sexta-feira;05:20:00;RO;364.0;616;ITAPUA DO OESTE;Sim;Transitar na contramão;Other Human Causes;Other Human Causes;1;Colisão frontal;Com Vítimas Fatais;Amanhecer;Crescente;Nublado;Simples;Curva;Não;1220981.0;Ônibus;VW/MASCA ROMA;2022.0;Passageiro;Ileso;56.0;Masculino;1.0;0.0;0.0;0.0;-9,11425235;-63,26603148;SPRF-RO;DEL01-RO;UOP04-DEL01-RO
688970;1531249.0;03/05/2025;sábado;23:50:00;PE;232.0;146;SAO CAITANO;Não;Transitar na contramão;Other Human Causes;Other Human Causes;1;Colisão frontal;Com Vítimas Fatais;Plena Noite;Decrescente;Céu Claro;Simples;Reta;Não;1221530.0;Motocicleta;MOTTU/SPORT 110I;2024.0;Condutor;Lesões Graves;39.0;Masculino;0.0;0.0;1.0;0.0;-8,33285;-36,129428;SPRF-PE;DEL03-PE;UOP02-DEL03-PE
665797;1502232.0;07/03/2025;sexta-feira;19:45:00;PR;116.0;146;MANDIRITUBA;Sim;Transitar na contramão;Other Human Causes;Other Human Causes;3;Colisão transversal;Com Vítimas Feridas;Plena Noite;Crescente;Céu Claro;Simples;Reta;Não;1198500.0;Ônibus;MERCEDES BENZ/;1973.0;Passageiro;Lesões Leves;61.0;Feminino;0.0;1.0;0.0;0.0;-25,820747;-49,334195;SPRF-PR;DEL01-PR;UOP03-DEL01-PR
661160;1490966.0;13/02/2025;quinta-feira;17:15:00;BA;235.0;340,9;JUAZEIRO;Sim;Transitar na contramão;Other Human Causes;Other Human Causes;1;Colisão frontal;Com Vítimas Fatais;Pleno dia;Crescente;Céu Claro;Simples;Reta;Não;1189531.0;Caminhão;I/RAM 2500 LARAMIE;2022.0;Condutor;Ileso;42.0;Masculino;1.0;0.0;0.0;0.0;-9,46093514;-40,43101997;SPRF-PE;DEL06-PE;UOP01-DEL06-PE
691709;1539641.0;16/05/2025;sexta-feira;17:40:00;BA;101.0;228;SAPEACU;Sim;Transitar na contramão;Other Human Causes;Other Human Causes;1;Colisão frontal;Com Vítimas Fatais;Anoitecer;Decrescente;Nublado;Simples;Reta;Não;1228285.0;Caminhão;Não Informado/Não Informado;0.0;Condutor;Não Informado;;Não Informado;0.0;0.0;0.0;0.0;-12,7143176;-39,1788734;SPRF-BA;DEL01-BA;UOP02-DEL01-BA
655947;1477296.0;19/01/2025;domingo;00:01:00;RN;304.0;241;RIACHUELO;Sim;Transitar na contramão;Other Human Causes;Other Human Causes;1;Colisão frontal;Com Vítimas Fatais;Pleno dia;Crescente;Chuva;Simples;Reta;Sim;1179471.0;Caminhão;VW/DELIVERY 11.180;2024.0;Condutor;Ileso;60.0;Masculino;1.0;0.0;0.0;0.0;-5,80596939;-35,82876231;SPRF-RN;DEL01-RN;UOP02-DEL01-RN
661488;1491574.0;15/02/2025;sábado;07:00:00;GO;452.0;18;RIO VERDE;Sim;Transitar na contramão;Other Human Causes;Other Human Causes;1;Colisão frontal;Com Vítimas Feridas;Pleno dia;Crescente;Céu Claro;Simples;"Declive;Reta";Não;1190056.0;Caminhão-trator;VOLVO/FH 460 6X4T;2014.0;Condutor;Ileso;62.0;Masculino;1.0;0.0;0.0;0.0;-17,85914742;-50,74936415;SPRF-GO;DEL04-GO;UOP01-DEL04-GO
670182;1512555.0;28/03/2025;sexta-feira;20:30:00;BA;101.0;760;ITABELA;Sim;Transitar na contramão;Other Human Causes;Other Human Causes;1;Colisão lateral sentido oposto;Com Vítimas Fatais;Plena Noite;Crescente;Nublado;Simples;Reta;Não;1206804.0;Caminhão-trator;VOLVO/FH 460 6X2T;2022.0;Condutor;Ileso;54.0;Masculino;1.0;0.0;0.0;0.0;-16,65872376;-39,51559067;SPRF-BA;DEL09-BA;UOP01-DEL09-BA
653780;1471292.0;08/01/2025;quarta-feira;06:10:00;PE;101.0;45,1;IGARASSU;Sim;Transitar na contramão;Other Human Causes;Other Human Causes;2;Tombamento;Com Vítimas Fatais;Pleno dia;Crescente;Céu Claro;Simples;Reta;Sim;1175396.0;Ônibus;M.BENZ/MPOLO IDEALE R;2023.0;Condutor;Ileso;43.0;Masculino;1.0;0.0;0.0;0.0;-7,866528;-34,907093;SPRF-PE;DEL01-PE;UOP02-DEL01-PE
691856;1538305.0;17/05/2025;sábado;13:15:00;PA;222.0;28;DOM ELISEU;Sim;Transitar na contramão;Other Human Causes;Other Human Causes;3;Queda de ocupante de veículo;Com Vítimas Fatais;Pleno dia;Crescente;Céu Claro;Simples;"Curva;Aclive";Não;1227172.0;Automóvel;TOYOTA/COROLLA XEI20FLEX;2018.0;Condutor;Lesões Leves;55.0;Masculino;0.0;1.0;0.0;0.0;-4,316473;-47,642225;SPRF-PA;DEL02-PA;UOP02-DEL02-PA
654449;1473298.0;11/01/2025;sábado;13:30:00;RS;290.0;322;CACAPAVA DO SUL;Sim;Transitar na contramão;Other Human Causes;Other Human Causes;4;Colisão frontal;Com Vítimas Feridas;Pleno dia;Crescente;Céu Claro;Simples;Reta;Não;1176778.0;Automóvel;I/CHEVROLET CRUZE LT;2022.0;Condutor;Lesões Leves;74.0;Masculino;0.0;1.0;0.0;0.0;-30,37702194;-53,41166496;SPRF-RS;DEL09-RS;UOP02-DEL09-RS
686361;1524603.0;21/04/2025;segunda-feira;05:30:00;PB;104.0;133,4;QUEIMADAS;Não;Transitar na contramão;Other Human Causes;Other Human Causes;3;Saída de leito carroçável;Com Vítimas Feridas;Pleno dia;Decrescente;Céu Claro;Simples;Reta;Sim;1216408.0;Caminhão-trator;VW/19.420 CTC 4X2;2013.0;Condutor;Ileso;36.0;Masculino;1.0;0.0;0.0;0.0;-7,305995;-35,893075;SPRF-PB;DEL02-PB;UOP03-DEL02-PB
673420;1520191.0;13/04/2025;domingo;12:45:00;MG;40.0;522,9;CONTAGEM;Sim;Transitar no Acostamento;Other Human Causes;Other Human Causes;1;Colisão lateral mesmo sentido;Com Vítimas Feridas;Pleno dia;Decrescente;Céu Claro;Dupla;Curva;Não;1213073.0;Motocicleta;HONDA/CG 160 TITAN;2025.0;Passageiro;Lesões Leves;26.0;Masculino;0.0;1.0;0.0;0.0;-19,8707715;-44,0465663;SPRF-MG;DEL01-MG;UOP02-DEL01-MG
694761;1545176.0;30/05/2025;sexta-feira;18:35:00;MA;135.0;381;SAO DOMINGOS DO MARANHAO;Sim;Ultrapassagem Indevida;Other Human Causes;Other Human Causes;2;Saída de leito carroçável;Com Vítimas Fatais;Plena Noite;Decrescente;Céu Claro;Simples;Reta;Sim;1232747.0;Motoneta;HONDA/BIZ 125 EX;2014.0;Condutor;Óbito;32.0;Masculino;0.0;0.0;0.0;1.0;-5,60885859;-44,36963198;SPRF-MA;DEL06-MA;UOP01-DEL06-MA
672505;1519135.0;09/04/2025;quarta-feira;09:25:00;RN;304.0;21;MOSSORO;Sim;Ultrapassagem Indevida;Other Human Causes;Other Human Causes;2;Tombamento;Com Vítimas Fatais;Pleno dia;Decrescente;Céu Claro;Simples;Reta;Não;1212176.0;Motocicleta;HONDA/CG150 FAN ESDI;2014.0;Condutor;Lesões Graves;31.0;Masculino;0.0;0.0;1.0;0.0;-5,042325;-37,3464;SPRF-RN;DEL04-RN;UOP02-DEL04-RN
668732;1509139.0;21/03/2025;sexta-feira;20:40:00;PR;373.0;408;FOZ DO JORDAO;Não;Ultrapassagem Indevida;Other Human Causes;Other Human Causes;2;Saída de leito carroçável;Com Vítimas Feridas;Plena Noite;Decrescente;Céu Claro;Simples;Reta;Não;1203961.0;Caminhonete;FIAT/STRADA FIRE CE;2004.0;Condutor;Lesões Leves;51.0;Masculino;0.0;1.0;0.0;0.0;-25,62837671;-52,09106741;SPRF-PR;DEL08-PR;UOP01-DEL08-PR
667318;1505934.0;14/03/2025;sexta-feira;18:20:00;MA;135.0;132,2;MATOES DO NORTE;Sim;Ultrapassagem Indevida;Other Human Causes;Other Human Causes;1;Colisão traseira;Com Vítimas Fatais;Anoitecer;Crescente;Nublado;Simples;"Em Obras;Reta;Desvio Temporário";Não;1201229.0;Caminhão;M.BENZ/ATRON 2324;2012.0;Condutor;Ileso;48.0;Masculino;1.0;0.0;0.0;0.0;-3,610583;-44,562365;SPRF-MA;DEL01-MA;UOP02-DEL01-MA
670351;1512901.0;29/03/2025;sábado;15:50:00;RS;285.0;289,5;PASSO FUNDO;Sim;Ultrapassagem Indevida;Other Human Causes;Other Human Causes;1;Colisão lateral sentido oposto;Com Vítimas Feridas;Pleno dia;Decrescente;Nublado;Simples;Reta;Não;1207097.0;Motocicleta;HONDA/CG 160 START;2024.0;Condutor;Lesões Graves;23.0;Masculino;0.0;0.0;1.0;0.0;-28,23797273;-52,3470211;SPRF-RS;DEL08-RS;UOP03-DEL08-RS
685435;1522145.0;17/04/2025;quinta-feira;13:30:00;MT;70.0;307;POXOREO;Sim;Ultrapassagem Indevida;Other Human Causes;Other Human Causes;1;Saída de leito carroçável;Com Vítimas Feridas;Pleno dia;Crescente;Sol;Simples;Reta;Não;1214635.0;Caminhonete;MMC/L200 TRITON SPO GLSA;2023.0;Passageiro;Ileso;35.0;Feminino;1.0;0.0;0.0;0.0;-15,57241;-54,539517;SPRF-MT;DEL05-MT;UOP01-DEL05-MT
693285;1541516.0;23/05/2025;sexta-feira;19:20:00;SC;282.0;423;VARGEM BONITA;Sim;Objeto estático sobre o leito carroçável;Not Human Causes;Other Human Causes;1;Incêndio;Sem Vítimas;Anoitecer;Crescente;Nublado;Simples;"Reta;Aclive";Não;1229799.0;Caminhão-trator;SCANIA/R450 A6X2;2022.0;Condutor;Ileso;48.0;Masculino;1.0;0.0;0.0;0.0;-27,001465;-51,741292;SPRF-SC;DEL07-SC;UOP05-DEL07-SC